Name of Protected Area,State/UT,Type,Year of Creation,Area (in sq. km)
Papikonda,Andhra Pradesh,National Park,2008,1012.8588
Rajiv Gandhi (Rameswaram),Andhra Pradesh,National Park,2005,2.3952
Sri Venkateswara,Andhra Pradesh,National Park,1989,353.62
Mouling,Arunachal Pradesh,National Park,1986,483.0
Namdapha,Arunachal Pradesh,National Park,1983,1807.82
Dibru-Saikhowa,Assam,National Park,1999,340.0
Dihing Patkai,Assam,National Park,2021,234.26
Kaziranga,Assam,National Park,1974,889.51
Manas,Assam,National Park,1990,500.0
Nameri,Assam,National Park,1998,200.0
Rajiv Gandhi (Orang),Assam,National Park,1999,78.81
Raimona,Assam,National Park,2021,422.0
Valmiki,Bihar,National Park,1989,335.65
Guru Ghasidas (Sanjay),Chhattisgarh             ,National Park,1981,1440.71
Indravati (Kutru),Chhattisgarh             ,National Park,1982,1258.37
Kanger Valley,Chhattisgarh             ,National Park,1982,200.0
Mollem,Goa,National Park,1992,107.0
Blackbuck (Velavadar),Gujarat,National Park,1976,34.53
Gir,Gujarat,National Park,1975,258.71
Marine (Gulf of Kachchh),Gujarat,National Park,1982,162.89
Vansda,Gujarat,National Park,1979,23.99
Kalesar,Haryana,National Park,2003,46.82
Sultanpur,Haryana,National Park,1989,1.43
Great Himalayan,Himachal Pradesh,National Park,1984,754.4
Inderkilla,Himachal Pradesh,National Park,2010,94.0
Khirganga,Himachal Pradesh,National Park,2010,705.0
Pin Valley,Himachal Pradesh,National Park,1987,675.0
Col. Sherjung Simbalbara,Himachal Pradesh,National Park,2010,27.88
Betla,Jharkhand,National Park,1986,226.33
Anshi,Karnataka,National Park,1987,417.34
Bandipur,Karnataka,National Park,1974,872.24
Bannerghatta,Karnataka,National Park,1974,260.51
Kudremukh,Karnataka,National Park,1987,600.57
Nagarahole (Rajiv Gandhi),Karnataka,National Park,1988,643.39
Anamudi Shola,Kerala,National Park,2003,7.5
Eravikulam,Kerala,National Park,1978,97.0
Mathikettan Shola,Kerala,National Park,2003,12.82
Pambadum Shola,Kerala,National Park,2003,1.32
Periyar,Kerala,National Park,1982,350.0
Silent Valley,Kerala,National Park,1984,89.52
Bandhavgarh,Madhya Pradesh,National Park,1968,448.842
Dinosaur Fossils,Madhya Pradesh,National Park,2011,0.897
Fossil,Madhya Pradesh,National Park,1983,0.27
Pench,Madhya Pradesh,National Park,1975,292.857
Kanha,Madhya Pradesh,National Park,1955,941.793
Kuno,Madhya Pradesh,National Park,2018,748.761
Madhav,Madhya Pradesh,National Park,1959,375.23
Panna,Madhya Pradesh,National Park,1981,542.66
Sanjay,Madhya Pradesh,National Park,1981,464.643
Satpura,Madhya Pradesh,National Park,1981,528.729
Van Vihar,Madhya Pradesh,National Park,1979,4.452
Chandoli,Maharashtra,National Park,2004,317.67
Gugamal,Maharashtra,National Park,1975,361.28
Nawegaon,Maharashtra,National Park,1975,133.88
Pench (Jawaharlal Nehru),Maharashtra,National Park,1975,257.26
Sanjay Gandhi (Borivilli),Maharashtra,National Park,1983,86.96
Tadoba,Maharashtra,National Park,1955,116.55
Keibul-Lamjao,Manipur,National Park,1977,40.0
Shiroi,Manipur,National Park,1982,100.0
Balphakram,Meghalaya,National Park,1986,220.0
Nokrek Ridge,Meghalaya,National Park,1997,47.48
Murlen,Mizoram,National Park,1991,100.0
Phawngpui (Blue Mountain),Mizoram,National Park,1992,50.0
Intanki,Nagaland,National Park,1993,202.02
Bhitarkanika,Odisha,National Park,1988,145.0
Simlipal,Odisha,National Park,1980,845.7
Desert,Rajasthan,National Park,1992,3162.0
Keoladeo Ghana,Rajasthan,National Park,1981,28.73
Mukundra Hills,Rajasthan,National Park,2006,200.54
Ranthambhore,Rajasthan,National Park,1980,282.0
Sariska,Rajasthan,National Park,1992,273.8
Khangchendzonga,Sikkim,National Park,1977,1784.0
Guindy,Tamil Nadu,National Park,1976,2.7057
Gulf of Mannar Marine,Tamil Nadu,National Park,1980,526.02
Indira Gandhi (Annamalai),Tamil Nadu,National Park,1989,117.1
Mudumalai,Tamil Nadu,National Park,1990,103.23
Mukurthi,Tamil Nadu,National Park,1990,78.46
Kasu Brahmananda Reddy,Telangana,National Park,1994,1.425
Mahaveer Harina Vanasthali,Telangana,National Park,1994,14.59
Mrugavani,Telangana,National Park,1994,3.6
Clouded Leopard,Tripura,National Park,2007,5.08
Bison (Rajbari),Tripura,National Park,2007,31.63
Dudhwa,Uttar Pradesh,National Park,1977,490.0
Corbett,Uttarakhand,National Park,1936,520.82
Gangotri,Uttarakhand,National Park,1989,2390.02
Govind,Uttarakhand,National Park,1990,472.08
Nanda Devi,Uttarakhand,National Park,1982,624.6
Rajaji,Uttarakhand,National Park,1983,820.0
Valley of Flowers,Uttarakhand,National Park,1982,87.5
Buxa,West Bengal,National Park,1992,117.1
Gorumara,West Bengal,National Park,1992,79.45
Jaldapara,West Bengal,National Park,2014,216.34
Neora Valley,West Bengal,National Park,1986,159.8917
Singalila,West Bengal,National Park,1986,78.6
Sunderban,West Bengal,National Park,1984,1330.1
Campbell Bay,Andaman & Nicobar Islands,National Park,1992,426.23
Galathea Bay,Andaman & Nicobar Islands,National Park,1992,110.0
Mahatama Gandhi Marine (Wandoor),Andaman & Nicobar Islands,National Park,1983,281.5
Mount Harriett,Andaman & Nicobar Islands,National Park,1987,46.62
Rani Jhansi Marine,Andaman & Nicobar Islands,National Park,1996,320.06
Saddle Peak,Andaman & Nicobar Islands,National Park,1987,32.54
City Forest (Salim Ali),Jammu & Kashmir,National Park,1992,9.07
Dachigam,Jammu & Kashmir,National Park,1981,141.0
Kazinag,Jammu & Kashmir,National Park,2000,90.88
Kishtwar High Altitute,Jammu & Kashmir,National Park,1981,2191.5
Hemis,Ladakh,National Park,1981,3350.0
Coringa,Andhra Pradesh,Wildlife Sanctuary,1978,235.7
Gundla Brahmeswaram,Andhra Pradesh,Wildlife Sanctuary,1990,1193.68
Kambalakonda,Andhra Pradesh,Wildlife Sanctuary,2002,71.39
Koundinya,Andhra Pradesh,Wildlife Sanctuary,1990,357.6
Kolleru,Andhra Pradesh,Wildlife Sanctuary,1953,308.55
Krishna,Andhra Pradesh,Wildlife Sanctuary,1989,194.81
Nagarjuna Sagar-Srisailam,Andhra Pradesh,Wildlife Sanctuary,1978,2131.31
Nellapattu,Andhra Pradesh,Wildlife Sanctuary,1976,4.5892
Pulicat Lake,Andhra Pradesh,Wildlife Sanctuary,1976,600.0
Rollapadu,Andhra Pradesh,Wildlife Sanctuary,1988,6.14
Sri Lankamalleswara,Andhra Pradesh,Wildlife Sanctuary,1988,464.4282
Sri Penusila Narasimha,Andhra Pradesh,Wildlife Sanctuary,1997,1030.85
Sri Venkateswara,Andhra Pradesh,Wildlife Sanctuary,1985,172.35
D' Ering,Arunachal Pradesh,Wildlife Sanctuary,1978,190.0
Dibang,Arunachal Pradesh,Wildlife Sanctuary,1991,4149.0
Eagle Nest,Arunachal Pradesh,Wildlife Sanctuary,1989,217.0
Itanagar,Arunachal Pradesh,Wildlife Sanctuary,1978,140.3
Kamala,Arunachal Pradesh,Wildlife Sanctuary,2015,77.607
Kamlang,Arunachal Pradesh,Wildlife Sanctuary,1989,783.0
Kane,Arunachal Pradesh,Wildlife Sanctuary,1991,31.0
Mahao,Arunachal Pradesh,Wildlife Sanctuary,1980,281.5
Pakke (Pakhui),Arunachal Pradesh,Wildlife Sanctuary,1977,861.95
Ringba-Roba,Arunachal Pradesh,Wildlife Sanctuary,2015,49.2
Sessa Orchid,Arunachal Pradesh,Wildlife Sanctuary,1989,100.0
Tale,Arunachal Pradesh,Wildlife Sanctuary,1995,337.0
Yordi Rabe Supse,Arunachal Pradesh,Wildlife Sanctuary,1996,397.0
Amchang,Assam,Wildlife Sanctuary,2004,78.64
Barail,Assam,Wildlife Sanctuary,2004,326.24
Barnadi,Assam,Wildlife Sanctuary,1980,26.22
Bherjan-Borajan-Padumoni,Assam,Wildlife Sanctuary,1999,7.22
Burachapari,Assam,Wildlife Sanctuary,1995,44.06
Chakrasila,Assam,Wildlife Sanctuary,1994,45.57
Deepor Beel,Assam,Wildlife Sanctuary,1989,4.14
East Karbi Anglong,Assam,Wildlife Sanctuary,2000,221.81
Garampani,Assam,Wildlife Sanctuary,1952,6.05
Hollongapar Gibbon,Assam,Wildlife Sanctuary,1997,20.98
Lawkhowa,Assam,Wildlife Sanctuary,1972,70.13
Marat Longri,Assam,Wildlife Sanctuary,2003,451.0
Nambor,Assam,Wildlife Sanctuary,2000,37.0
Nambor-Doigrung,Assam,Wildlife Sanctuary,2003,97.15
Pabitora,Assam,Wildlife Sanctuary,1987,38.81
Pani-Dihing Bird Sanctuary,Assam,Wildlife Sanctuary,1995,33.93
Sonai Rupai,Assam,Wildlife Sanctuary,1998,220.0
Barela Jheel Salim Ali Bird Sanctuary,Bihar,Wildlife Sanctuary,1997,1.96
Bhimbandh,Bihar,Wildlife Sanctuary,1976,681.99
Gautam Budha,Bihar,Wildlife Sanctuary,1976,138.34
Kaimur,Bihar,Wildlife Sanctuary,1982,1342.0
Kanwarjheel,Bihar,Wildlife Sanctuary,1989,63.11
Kusheshwar Asthan Bird Sanctuary,Bihar,Wildlife Sanctuary,1994,29.17
Nagi Dam,Bihar,Wildlife Sanctuary,1987,1.92
Nakti Dam,Bihar,Wildlife Sanctuary,1987,3.33
Pant (Rajgir),Bihar,Wildlife Sanctuary,1978,35.84
Udaipur,Bihar,Wildlife Sanctuary,1978,8.87
Valmiki,Bihar,Wildlife Sanctuary,1978,545.15
Vikramshila Gangetic Dolphin,Bihar,Wildlife Sanctuary,1990,
Achanakmar,Chhattisgarh             ,Wildlife Sanctuary,1975,551.55
Badalkhol,Chhattisgarh             ,Wildlife Sanctuary,1975,104.45
Barnawapara,Chhattisgarh             ,Wildlife Sanctuary,1976,244.66
Bhairamgarh,Chhattisgarh             ,Wildlife Sanctuary,1983,138.95
Bhoramdev,Chhattisgarh             ,Wildlife Sanctuary,2001,351.24
Sarangarh-Gomardha,Chhattisgarh             ,Wildlife Sanctuary,1975,277.82
Pamed Wild Buffalo,Chhattisgarh             ,Wildlife Sanctuary,1985,262.12
Semarsot,Chhattisgarh             ,Wildlife Sanctuary,1978,430.35
Sitanadi,Chhattisgarh             ,Wildlife Sanctuary,1974,553.36
Tamor Pingla,Chhattisgarh             ,Wildlife Sanctuary,1978,608.51
Udanti Wild Buffalo,Chhattisgarh             ,Wildlife Sanctuary,1985,237.27
Bhagwan Mahavir,Goa,Wildlife Sanctuary,1967,133.0
Bondla,Goa,Wildlife Sanctuary,1969,8.0
Cotigao,Goa,Wildlife Sanctuary,1968,85.65
Dr. Salim Ali Bird Sanctuary (Chorao),Goa,Wildlife Sanctuary,1988,1.78
Madei,Goa,Wildlife Sanctuary,1999,208.48
Netravali,Goa,Wildlife Sanctuary,1999,211.05
Balaram Ambaji,Gujarat,Wildlife Sanctuary,1989,542.08
Barda,Gujarat,Wildlife Sanctuary,1979,192.31
Gaga (Great Indian Bustard),Gujarat,Wildlife Sanctuary,1988,3.33
Gir,Gujarat,Wildlife Sanctuary,1965,1153.42
Girnar,Gujarat,Wildlife Sanctuary,2008,178.8
Hingolgadh,Gujarat,Wildlife Sanctuary,1980,6.54
Jambughoda,Gujarat,Wildlife Sanctuary,1990,130.38
Jessore Sloth Bear,Gujarat,Wildlife Sanctuary,1978,180.66
Kachchh (Lala) Great Indian Bustard,Gujarat,Wildlife Sanctuary,1995,2.03
Kachchh Desert,Gujarat,Wildlife Sanctuary,1986,7506.22
Khijadiya Bird Sanctuary,Gujarat,Wildlife Sanctuary,1981,6.05
Marine (Gulf of Kachchh),Gujarat,Wildlife Sanctuary,1980,295.03
Mitiyala,Gujarat,Wildlife Sanctuary,2004,18.22
Nal Sarovar Bird Sanctuary,Gujarat,Wildlife Sanctuary,1969,120.82
Narayan Sarovar Chinkara,Gujarat,Wildlife Sanctuary,1995,442.91
Paniya,Gujarat,Wildlife Sanctuary,1989,39.63
Porbandar Bird Sanctuary,Gujarat,Wildlife Sanctuary,1988,0.09
Purna,Gujarat,Wildlife Sanctuary,1990,160.84
Rampara Vidi,Gujarat,Wildlife Sanctuary,1988,15.01
Ratanmahal Sloth Bear,Gujarat,Wildlife Sanctuary,1982,55.65
Shoolpaneswar (Dhumkhal),Gujarat,Wildlife Sanctuary,1982,607.7
Thol Lake,Gujarat,Wildlife Sanctuary,1988,6.99
Wild Ass,Gujarat,Wildlife Sanctuary,1973,4953.71
Bhindawas Lake,Haryana,Wildlife Sanctuary,1986,4.12
Bir Shikargah,Haryana,Wildlife Sanctuary,1987,7.67
Chhilchhila Lake,Haryana,Wildlife Sanctuary,1986,0.29
Kalesar,Haryana,Wildlife Sanctuary,1996,54.36
Khaparwas,Haryana,Wildlife Sanctuary,1991,0.83
Khol-Hi-Raitan (Morni Hills),Haryana,Wildlife Sanctuary,2004,48.83
Nahar,Haryana,Wildlife Sanctuary,1987,2.11
Bandli,Himachal Pradesh,Wildlife Sanctuary,1962,32.11
Chail,Himachal Pradesh,Wildlife Sanctuary,1976,16.0
Chandratal,Himachal Pradesh,Wildlife Sanctuary,2007,38.56
Churdhar,Himachal Pradesh,Wildlife Sanctuary,1985,55.52
Daranghati,Himachal Pradesh,Wildlife Sanctuary,1962,171.5
Dhauladhar,Himachal Pradesh,Wildlife Sanctuary,1994,982.86
Gamgul Siyabehi,Himachal Pradesh,Wildlife Sanctuary,1962,108.4
Kais,Himachal Pradesh,Wildlife Sanctuary,1954,12.61
Kalatop-Khajjiar,Himachal Pradesh,Wildlife Sanctuary,1958,17.17
Kanawar,Himachal Pradesh,Wildlife Sanctuary,1954,107.29
Khokhan,Himachal Pradesh,Wildlife Sanctuary,1954,14.94
Kibber,Himachal Pradesh,Wildlife Sanctuary,1992,2220.12
Kugti,Himachal Pradesh,Wildlife Sanctuary,1962,405.49
Lippa Asrang,Himachal Pradesh,Wildlife Sanctuary,1962,31.0
Majathal,Himachal Pradesh,Wildlife Sanctuary,1954,30.86
Manali,Himachal Pradesh,Wildlife Sanctuary,1954,29.0
Nargu,Himachal Pradesh,Wildlife Sanctuary,1962,132.3731
Pong Dam Lake,Himachal Pradesh,Wildlife Sanctuary,1982,207.59
Rakchham Chitkul (Sangla Valley),Himachal Pradesh,Wildlife Sanctuary,1989,304.0
Renukaji,Himachal Pradesh,Wildlife Sanctuary,2013,3.87
Rupi Bhaba,Himachal Pradesh,Wildlife Sanctuary,1982,503.0
Sainj,Himachal Pradesh,Wildlife Sanctuary,1994,90.0
Sech Tuan Nala,Himachal Pradesh,Wildlife Sanctuary,1962,390.29
Shikari Devi,Himachal Pradesh,Wildlife Sanctuary,1962,29.94
Shimla Water Catchment,Himachal Pradesh,Wildlife Sanctuary,1958,10.0
Talra,Himachal Pradesh,Wildlife Sanctuary,1962,46.48
Tirthan,Himachal Pradesh,Wildlife Sanctuary,1992,61.0
Tundah,Himachal Pradesh,Wildlife Sanctuary,1962,64.0
Dalma,Jharkhand,Wildlife Sanctuary,1976,193.22
Gautam Budha,Jharkhand,Wildlife Sanctuary,1976,121.14
Hazaribagh,Jharkhand,Wildlife Sanctuary,1976,186.25
Kodarma,Jharkhand,Wildlife Sanctuary,1985,177.35
Lawalong,Jharkhand,Wildlife Sanctuary,1978,211.03
Mahuadanr Wolf,Jharkhand,Wildlife Sanctuary,1976,63.26
Palamau,Jharkhand,Wildlife Sanctuary,1976,752.94
Palkot,Jharkhand,Wildlife Sanctuary,1990,182.83
Parasnath,Jharkhand,Wildlife Sanctuary,1984,49.33
Topchanchi,Jharkhand,Wildlife Sanctuary,1978,12.82
Udhwa Lake Bird Sanctuary,Jharkhand,Wildlife Sanctuary,1991,5.65
Adichunchunagiri Peacock,Karnataka,Wildlife Sanctuary,1981,0.84
Arabithittu,Karnataka,Wildlife Sanctuary,1985,13.5
Attiveri Bird,Karnataka,Wildlife Sanctuary,1994,2.23
Bhadra,Karnataka,Wildlife Sanctuary,1974,500.16
Bhimgad,Karnataka,Wildlife Sanctuary,2010,190.42
Biligiri Rangaswamy Temple (B.R.T.),Karnataka,Wildlife Sanctuary,1987,539.52
Brahmagiri,Karnataka,Wildlife Sanctuary,1974,181.29
Bukkapatna,Karnataka,Wildlife Sanctuary,2019,136.11
Cauvery,Karnataka,Wildlife Sanctuary,1987,1027.53
Cauvery Extension,Karnataka,Wildlife Sanctuary,2019,53.39
Chincholi,Karnataka,Wildlife Sanctuary,2012,134.88
Dandeli,Karnataka,Wildlife Sanctuary,1987,886.41
Daroji Bear,Karnataka,Wildlife Sanctuary,1992,82.72
Ghataprabha Bird Sanctuary,Karnataka,Wildlife Sanctuary,1974,29.78
Gudavi Bird,Karnataka,Wildlife Sanctuary,1989,0.73
Gudekote Sloth Bear,Karnataka,Wildlife Sanctuary,2013,47.61
Gudekote Extension,Karnataka,Wildlife Sanctuary,2019,120.05
Jogimatti,Karnataka,Wildlife Sanctuary,2015,100.48
Kamasandra,Karnataka,Wildlife Sanctuary,2019,78.62
Kappathagudda,Karnataka,Wildlife Sanctuary,2019,244.15
Malai Mahadeshwara,Karnataka,Wildlife Sanctuary,2013,906.187
Melkote Temple,Karnataka,Wildlife Sanctuary,1974,49.82
Mookambika,Karnataka,Wildlife Sanctuary,1974,370.37
Nugu,Karnataka,Wildlife Sanctuary,1974,30.32
Pushpagiri,Karnataka,Wildlife Sanctuary,1987,102.92
Ranebennur Black Buck,Karnataka,Wildlife Sanctuary,1974,119.0
Ranganathittu Bird Sanctuary,Karnataka,Wildlife Sanctuary,1940,0.67
Ramadevara Betta Vulture,Karnataka,Wildlife Sanctuary,2012,3.46
Rangayyanadurga Four-horned antelope,Karnataka,Wildlife Sanctuary,2011,77.23
Sharavathi Valley LTM,Karnataka,Wildlife Sanctuary,1974,930.16
Shettihalli,Karnataka,Wildlife Sanctuary,1974,395.6
Someshwara,Karnataka,Wildlife Sanctuary,1974,314.25
Talakaveri,Karnataka,Wildlife Sanctuary,1987,105.59
Thimlapura,Karnataka,Wildlife Sanctuary,2016,50.86
Yadahalli Chinkara,Karnataka,Wildlife Sanctuary,2015,96.36
Aralam,Kerala,Wildlife Sanctuary,1984,55.0
Chimmony,Kerala,Wildlife Sanctuary,1984,85.0
Chinnar,Kerala,Wildlife Sanctuary,1984,90.44
Chulannur Peafowl,Kerala,Wildlife Sanctuary,2007,3.42
Idukki,Kerala,Wildlife Sanctuary,1976,70.0
Karimpuzha,Kerala,Wildlife Sanctuary,2019,227.97
Kottiyoor,Kerala,Wildlife Sanctuary,2011,30.38
Kurinjimala,Kerala,Wildlife Sanctuary,2006,32.0
Malabar,Kerala,Wildlife Sanctuary,2010,74.22
Mangalavanam Bird Sanctuary,Kerala,Wildlife Sanctuary,2004,0.03
Neyyar,Kerala,Wildlife Sanctuary,1958,128.0
Parambikulam,Kerala,Wildlife Sanctuary,1973,285.0
Peechi-Vazhani,Kerala,Wildlife Sanctuary,1958,125.0
Peppara,Kerala,Wildlife Sanctuary,1983,53.0
Periyar,Kerala,Wildlife Sanctuary,1950,427.0
Shendurney,Kerala,Wildlife Sanctuary,1984,100.32
Thattekad Bird Sanctuary,Kerala,Wildlife Sanctuary,1983,25.0
Wayanad,Kerala,Wildlife Sanctuary,1973,344.44
Bagdara,Madhya Pradesh,Wildlife Sanctuary,1978,478.0
Bori,Madhya Pradesh,Wildlife Sanctuary,1977,485.715
Gandhi Sagar,Madhya Pradesh,Wildlife Sanctuary,1981,368.62
Ghatigaon,Madhya Pradesh,Wildlife Sanctuary,1981,510.64
Karera,Madhya Pradesh,Wildlife Sanctuary,1981,202.21
Ken Gharial,Madhya Pradesh,Wildlife Sanctuary,1981,45.2
Kheoni,Madhya Pradesh,Wildlife Sanctuary,1982,134.778
Narsighgarh,Madhya Pradesh,Wildlife Sanctuary,1978,57.19
National Chambal,Madhya Pradesh,Wildlife Sanctuary,1978,435.0
Nouradehi,Madhya Pradesh,Wildlife Sanctuary,1984,1197.04
Orcha,Madhya Pradesh,Wildlife Sanctuary,1994,44.914
Pachmarhi,Madhya Pradesh,Wildlife Sanctuary,1977,491.632
Gangau,Madhya Pradesh,Wildlife Sanctuary,1979,78.53
Panpatha,Madhya Pradesh,Wildlife Sanctuary,1983,245.842
Pench Moghli,Madhya Pradesh,Wildlife Sanctuary,1975,118.473
Phen,Madhya Pradesh,Wildlife Sanctuary,1983,110.704
Ralamandal,Madhya Pradesh,Wildlife Sanctuary,1989,2.345
Ratapani,Madhya Pradesh,Wildlife Sanctuary,1978,910.638
Sailana,Madhya Pradesh,Wildlife Sanctuary,1983,12.965
Sanjay Dubari,Madhya Pradesh,Wildlife Sanctuary,1975,347.938
Sardarpur,Madhya Pradesh,Wildlife Sanctuary,1983,348.121
Singhori,Madhya Pradesh,Wildlife Sanctuary,1976,312.036
Son Gharial,Madhya Pradesh,Wildlife Sanctuary,1981,83.684
Veerangana Durgavati,Madhya Pradesh,Wildlife Sanctuary,1997,23.973
Amba Barwa,Maharashtra,Wildlife Sanctuary,1997,127.11
Andhari,Maharashtra,Wildlife Sanctuary,1986,509.27
Aner Dam,Maharashtra,Wildlife Sanctuary,1986,82.94
Bhamragarh,Maharashtra,Wildlife Sanctuary,1997,104.38
Bhimashankar,Maharashtra,Wildlife Sanctuary,1985,130.78
Bor,Maharashtra,Wildlife Sanctuary,1970,61.1
Chaprala,Maharashtra,Wildlife Sanctuary,1986,134.78
Deulgaon-Rehekuri,Maharashtra,Wildlife Sanctuary,1980,2.17
Dhyanganga,Maharashtra,Wildlife Sanctuary,1997,205.23
New Maldhok Bird Sanctuary (Gangewadi),Maharashtra,Wildlife Sanctuary,2012,1.98
Gautala-Autramghat,Maharashtra,Wildlife Sanctuary,1986,260.61
Ghodazari,Maharashtra,Wildlife Sanctuary,2018,159.0
Great Indian Bustard,Maharashtra,Wildlife Sanctuary,1979,366.73
Isapur,Maharashtra,Wildlife Sanctuary,2014,37.8
Jaikwadi,Maharashtra,Wildlife Sanctuary,1986,341.05
Kanhargaon WLS,Maharashtra,Wildlife Sanctuary,2021,269.4
Kalsubai Harishchandragad,Maharashtra,Wildlife Sanctuary,1986,361.71
Karnala Fort,Maharashtra,Wildlife Sanctuary,1968,4.48
Karanja Sohal Blackbuck,Maharashtra,Wildlife Sanctuary,2000,18.32
Katepurna,Maharashtra,Wildlife Sanctuary,1988,73.63
Koka,Maharashtra,Wildlife Sanctuary,2013,100.14
Koyana,Maharashtra,Wildlife Sanctuary,1985,423.55
Lonar,Maharashtra,Wildlife Sanctuary,2000,1.17
Malvan Marine,Maharashtra,Wildlife Sanctuary,1987,29.12
Mansingdeo,Maharashtra,Wildlife Sanctuary,2010,182.59
Mayureswar Supe,Maharashtra,Wildlife Sanctuary,1997,5.15
Melghat,Maharashtra,Wildlife Sanctuary,1985,778.75
Nagzira,Maharashtra,Wildlife Sanctuary,1970,152.81
Naigaon Peacock,Maharashtra,Wildlife Sanctuary,1994,29.89
Nandur Madhameshwar,Maharashtra,Wildlife Sanctuary,1986,100.12
Narnala Bird Sanctuary,Maharashtra,Wildlife Sanctuary,1997,12.35
Nawegaon,Maharashtra,Wildlife Sanctuary,2012,122.76
New Bor,Maharashtra,Wildlife Sanctuary,2012,60.7
New Nagzira,Maharashtra,Wildlife Sanctuary,2012,151.33
Painganga,Maharashtra,Wildlife Sanctuary,1986,324.62
Phansad,Maharashtra,Wildlife Sanctuary,1986,69.79
Pranhita,Maharashtra,Wildlife Sanctuary,2014,420.06
Radhanagari,Maharashtra,Wildlife Sanctuary,1958,351.16
Sagareshwar,Maharashtra,Wildlife Sanctuary,1985,10.87
Sudhagad,Maharashtra,Wildlife Sanctuary,2014,77.13
Tamhini,Maharashtra,Wildlife Sanctuary,2013,49.62
Tansa,Maharashtra,Wildlife Sanctuary,1970,304.81
Thane Creek Flamingo,Maharashtra,Wildlife Sanctuary,2015,16.905
Tipeshwar,Maharashtra,Wildlife Sanctuary,1997,148.63
Tungareshwar,Maharashtra,Wildlife Sanctuary,2003,85.0
Umred-Kharngla,Maharashtra,Wildlife Sanctuary,2012,189.3
Wan,Maharashtra,Wildlife Sanctuary,1997,211.0
Yawal,Maharashtra,Wildlife Sanctuary,1969,177.52
Yedsi Ramlin Ghat,Maharashtra,Wildlife Sanctuary,1997,22.38
Yangoupokpi Lokchao,Manipur,Wildlife Sanctuary,1989,184.4
Khongjaingamba Ching,Manipur,Wildlife Sanctuary,2016,0.412
Jiri Makru,Manipur,Wildlife Sanctuary,1997,198.0
Kailam,Manipur,Wildlife Sanctuary,1997,187.5
Zeilad,Manipur,Wildlife Sanctuary,1997,21.0
Bunning,Manipur,Wildlife Sanctuary,1997,115.8
Thinungei Bird Sanctuary,Manipur,Wildlife Sanctuary,2019,1.031
Baghmara Pitcher Plant,Meghalaya,Wildlife Sanctuary,1984,0.027
Narpuh,Meghalaya,Wildlife Sanctuary,2014,59.9
Nongkhyllem,Meghalaya,Wildlife Sanctuary,1981,29.0
Siju,Meghalaya,Wildlife Sanctuary,1979,5.18
Buhvum,Mizoram,Wildlife Sanctuary,2015,94.0
Dampa,Mizoram,Wildlife Sanctuary,1985,545.0
Khawnglung,Mizoram,Wildlife Sanctuary,1992,35.0
Lengteng,Mizoram,Wildlife Sanctuary,1999,60.0
Ngengpui,Mizoram,Wildlife Sanctuary,1991,110.0
Pualreng,Mizoram,Wildlife Sanctuary,2004,50.0
Tawi,Mizoram,Wildlife Sanctuary,1978,35.75
Thorangtlang,Mizoram,Wildlife Sanctuary,2002,180.0
Tokalo,Mizoram,Wildlife Sanctuary,2007,250.0
Fakim,Nagaland,Wildlife Sanctuary,1980,6.41
Puliebadze,Nagaland,Wildlife Sanctuary,1980,9.23
Rangapahar,Nagaland,Wildlife Sanctuary,1986,4.7
Singphan,Nagaland,Wildlife Sanctuary,2009,23.57
Badrama,Odisha,Wildlife Sanctuary,1962,304.03
Baisipalli,Odisha,Wildlife Sanctuary,1981,168.35
Balukhand Konark,Odisha,Wildlife Sanctuary,1984,71.72
Bhitarkanika,Odisha,Wildlife Sanctuary,1975,525.0
Chandaka Dampara,Odisha,Wildlife Sanctuary,1982,175.79
Chilika (Nalaban),Odisha,Wildlife Sanctuary,1987,15.53
Debrigarh,Odisha,Wildlife Sanctuary,1985,346.91
Gahirmatha (Marine),Odisha,Wildlife Sanctuary,1997,1435.0
Hadgarh,Odisha,Wildlife Sanctuary,1978,191.06
Kapilash,Odisha,Wildlife Sanctuary,2011,125.5
Karlapat,Odisha,Wildlife Sanctuary,1992,147.66
Khalasuni,Odisha,Wildlife Sanctuary,1982,116.0
Kothagarh,Odisha,Wildlife Sanctuary,1981,399.5
Kuldiha,Odisha,Wildlife Sanctuary,1984,272.75
Lakhari Valley,Odisha,Wildlife Sanctuary,1985,185.87
Nandankanan,Odisha,Wildlife Sanctuary,1979,14.16
Satkosia Gorge,Odisha,Wildlife Sanctuary,1976,745.52
Simlipal,Odisha,Wildlife Sanctuary,1979,1354.3
Sunabeda,Odisha,Wildlife Sanctuary,1988,500.0
Abohar,Punjab,Wildlife Sanctuary,1988,186.5
Bir Aishvan,Punjab,Wildlife Sanctuary,1952,2.64
Bir Bhadson,Punjab,Wildlife Sanctuary,1952,10.23
Bir Bunerheri,Punjab,Wildlife Sanctuary,1952,6.62
Bir Dosanjh,Punjab,Wildlife Sanctuary,1952,5.18
Bir Gurdialpura,Punjab,Wildlife Sanctuary,1977,6.2
Bir Mehaswala,Punjab,Wildlife Sanctuary,1952,1.23
Bir Motibagh,Punjab,Wildlife Sanctuary,1952,6.54
Harike Lake,Punjab,Wildlife Sanctuary,1982,86.0
Jhajjar Bacholi,Punjab,Wildlife Sanctuary,1998,1.16
Kathlaur Kushlian,Punjab,Wildlife Sanctuary,2007,7.58
Nangal,Punjab,Wildlife Sanctuary,2009,2.9
Takhni-Rehampur,Punjab,Wildlife Sanctuary,1992,3.82
Bandh Baratha,Rajasthan,Wildlife Sanctuary,1985,199.5
Bassi,Rajasthan,Wildlife Sanctuary,1988,138.69
Bhensrodgarh,Rajasthan,Wildlife Sanctuary,1983,229.14
Darrah,Rajasthan,Wildlife Sanctuary,1955,80.75
Jaisamand,Rajasthan,Wildlife Sanctuary,1955,52.0
Jamwa Ramgarh,Rajasthan,Wildlife Sanctuary,1982,300.0
Jawahar Sagar,Rajasthan,Wildlife Sanctuary,1975,153.41
Kailadevi,Rajasthan,Wildlife Sanctuary,1983,676.38
Kesarbagh,Rajasthan,Wildlife Sanctuary,1955,14.76
Kumbhalgarh,Rajasthan,Wildlife Sanctuary,1971,608.58
Mount Abu,Rajasthan,Wildlife Sanctuary,1960,326.1
Nahargarh,Rajasthan,Wildlife Sanctuary,1980,50.0
National Chambal,Rajasthan,Wildlife Sanctuary,1979,274.75
Phulwari Ki Nal,Rajasthan,Wildlife Sanctuary,1983,692.68
Ramgarh Vishdhari,Rajasthan,Wildlife Sanctuary,1982,252.79
Ramsagar,Rajasthan,Wildlife Sanctuary,1955,34.4
Sajjangarh,Rajasthan,Wildlife Sanctuary,1987,5.19
Sariska,Rajasthan,Wildlife Sanctuary,1955,219.0
Sawaimadhopur,Rajasthan,Wildlife Sanctuary,1955,131.3
Sawai Man Singh,Rajasthan,Wildlife Sanctuary,1984,103.25
Shergarh,Rajasthan,Wildlife Sanctuary,1983,98.71
Sitamata,Rajasthan,Wildlife Sanctuary,1979,422.94
Tal Chhapar,Rajasthan,Wildlife Sanctuary,1971,7.19
Todgarh Raoli,Rajasthan,Wildlife Sanctuary,1983,495.27
Van Vihar,Rajasthan,Wildlife Sanctuary,1955,25.6
Barsey Rhododendron,Sikkim,Wildlife Sanctuary,1998,104.0
Fambong Lho,Sikkim,Wildlife Sanctuary,1984,51.76
Kitam Bird Sanctuary,Sikkim,Wildlife Sanctuary,2005,6.0
Kyongnosla Alpine,Sikkim,Wildlife Sanctuary,1977,31.0
Maenam,Sikkim,Wildlife Sanctuary,1987,35.34
Pangolakha,Sikkim,Wildlife Sanctuary,2002,128.0
Shingba Rhododendron,Sikkim,Wildlife Sanctuary,1984,43.0
Cauvery North,Tamil Nadu,Wildlife Sanctuary,2014,504.3348
Chitrangudi Bird Sanctuary,Tamil Nadu,Wildlife Sanctuary,1989,0.4763
Gangaikondam Spotted Dear,Tamil Nadu,Wildlife Sanctuary,2013,2.884
Indira Gandhi (Annamalai),Tamil Nadu,Wildlife Sanctuary,1976,841.49
Kalakad,Tamil Nadu,Wildlife Sanctuary,1976,223.58
Kanjirankulam Bird Sanctuary,Tamil Nadu,Wildlife Sanctuary,1989,1.04
Kanyakumari,Tamil Nadu,Wildlife Sanctuary,2002,402.3955
Karaivetti Bird Sanctuary,Tamil Nadu,Wildlife Sanctuary,1999,4.5371
Karikilli Bird Sanctuary,Tamil Nadu,Wildlife Sanctuary,1989,0.6121
Kazhuveli Wetlnd Bird Sanctuary,Tamil Nadu,Wildlife Sanctuary,2021,51.516
Kodaikanal,Tamil Nadu,Wildlife Sanctuary,2013,608.95482
Koonthankulam-Kadankulam,Tamil Nadu,Wildlife Sanctuary,1994,1.29
Megamalai,Tamil Nadu,Wildlife Sanctuary,2009,269.10815
Melaselvanoor-Keelaselvanoor,Tamil Nadu,Wildlife Sanctuary,1998,5.9308
Mudumalai,Tamil Nadu,Wildlife Sanctuary,1942,217.76
Mundanthurai,Tamil Nadu,Wildlife Sanctuary,1977,582.0758
Nellai,Tamil Nadu,Wildlife Sanctuary,2015,356.7333
Oussudu Lake Bird Sanctuary,Tamil Nadu,Wildlife Sanctuary,2015,3.31785
Point Calimere,Tamil Nadu,Wildlife Sanctuary,1967,17.2881
Point Calimere Block-A & Block-B,Tamil Nadu,Wildlife Sanctuary,2013,124.0727
Pulicat Lake Bird Sanctuary,Tamil Nadu,Wildlife Sanctuary,1980,153.67
Sakkarakottai Bird Sanctuary,Tamil Nadu,Wildlife Sanctuary,2012,2.3049
Sathyamangalam,Tamil Nadu,Wildlife Sanctuary,2008,1411.6094
Srivilliputhur Grizzled Squirrel,Tamil Nadu,Wildlife Sanctuary,1988,485.2
Theerthangal Bird Sanctuary,Tamil Nadu,Wildlife Sanctuary,2010,0.2929
Udayamarthandapuram Lake,Tamil Nadu,Wildlife Sanctuary,1991,0.4528
Vaduvoor Bird Sanctuary,Tamil Nadu,Wildlife Sanctuary,1991,1.281
Vedanthangal Lake Bird Sanctuary,Tamil Nadu,Wildlife Sanctuary,1936,0.3
Vellanadu Blackbuck,Tamil Nadu,Wildlife Sanctuary,1987,16.41
Vellode Bird Sanctuary,Tamil Nadu,Wildlife Sanctuary,1997,0.7718
Vettangudi Bird Sanctuary,Tamil Nadu,Wildlife Sanctuary,1977,0.384
Amrabad (Nagarjunasagar-Srisailam),Telangana,Wildlife Sanctuary,1978,2166.37
Eturnagaram,Telangana,Wildlife Sanctuary,1953,803.0
Kawal,Telangana,Wildlife Sanctuary,1965,892.23
Kinnersani,Telangana,Wildlife Sanctuary,1977,635.41
Lanja Madugu Siwaram,Telangana,Wildlife Sanctuary,1978,29.81
Manjeera Crocodile,Telangana,Wildlife Sanctuary,1978,20.0
Pakhal,Telangana,Wildlife Sanctuary,1952,860.0
Pocharam,Telangana,Wildlife Sanctuary,1952,129.84
Pranahita,Telangana,Wildlife Sanctuary,1980,136.03
Gumti,Tripura,Wildlife Sanctuary,1988,389.54
Rowa,Tripura,Wildlife Sanctuary,1988,0.858
Sepahijala,Tripura,Wildlife Sanctuary,1987,18.533
Trishna,Tripura,Wildlife Sanctuary,1988,194.708
Bakhira,Uttar Pradesh,Wildlife Sanctuary,1990,28.94
Chandraprabha,Uttar Pradesh,Wildlife Sanctuary,1957,78.0
Chandra Sekhar Azad (Nawabganj) Bird Sanctuary,Uttar Pradesh,Wildlife Sanctuary,1984,2.25
Dr. Bhimrao Ambedkar Bird Sanctuary,Uttar Pradesh,Wildlife Sanctuary,2003,4.27
Hastinapur,Uttar Pradesh,Wildlife Sanctuary,1986,2073.0
Jai Prakash Narayan (Surhatal) Bird Sanctuary,Uttar Pradesh,Wildlife Sanctuary,1991,34.32
Kachhua (Turtle),Uttar Pradesh,Wildlife Sanctuary,1989,
Kaimur,Uttar Pradesh,Wildlife Sanctuary,1982,500.73
Katerniaghat,Uttar Pradesh,Wildlife Sanctuary,1976,400.09
Kishanpur,Uttar Pradesh,Wildlife Sanctuary,1972,227.0
Lakh Bahosi Bird Sanctuary,Uttar Pradesh,Wildlife Sanctuary,1988,80.24
Mahavir Swami,Uttar Pradesh,Wildlife Sanctuary,1977,5.41
National Chambal,Uttar Pradesh,Wildlife Sanctuary,1979,635.0
Okhala Bird Sanctuary,Uttar Pradesh,Wildlife Sanctuary,1990,4.0
Parvati Aranga,Uttar Pradesh,Wildlife Sanctuary,1990,10.84
Patna,Uttar Pradesh,Wildlife Sanctuary,1990,1.09
Pilibhit,Uttar Pradesh,Wildlife Sanctuary,2014,602.798
Ranipur,Uttar Pradesh,Wildlife Sanctuary,1977,230.31
Saman Bird Sanctuary,Uttar Pradesh,Wildlife Sanctuary,1990,5.26
Samaspur Bird Sanctuary,Uttar Pradesh,Wildlife Sanctuary,1987,7.99
Sandi Bird Sanctuary,Uttar Pradesh,Wildlife Sanctuary,1990,3.09
Shekha Bird Sanctuary,Uttar Pradesh,Wildlife Sanctuary,2016,0.25
Sohagibarwa,Uttar Pradesh,Wildlife Sanctuary,1987,428.2
Sohelwa,Uttar Pradesh,Wildlife Sanctuary,1988,452.47
Sur Sarovar Bird Sanctuary,Uttar Pradesh,Wildlife Sanctuary,1991,4.03
Vijai Sagar,Uttar Pradesh,Wildlife Sanctuary,1990,2.62
Askot,Uttarakhand,Wildlife Sanctuary,1986,600.0
Binsar,Uttarakhand,Wildlife Sanctuary,1988,47.07
Govind Pashu Vihar,Uttarakhand,Wildlife Sanctuary,1955,485.89
Kedarnath,Uttarakhand,Wildlife Sanctuary,1972,975.2
Mussoorie,Uttarakhand,Wildlife Sanctuary,1993,10.82
Nandhaur,Uttarakhand,Wildlife Sanctuary,2012,269.96
Sonanadi,Uttarakhand,Wildlife Sanctuary,1987,301.18
Ballavpur,West Bengal,Wildlife Sanctuary,1977,2.021
Bethuadahari,West Bengal,Wildlife Sanctuary,1980,0.6686
Bibhuti Bhusan,West Bengal,Wildlife Sanctuary,1985,0.64
Buxa,West Bengal,Wildlife Sanctuary,1986,251.89
Chapramari,West Bengal,Wildlife Sanctuary,1976,9.6
Chintamani Kar Bird Sanctuary,West Bengal,Wildlife Sanctuary,1982,0.07
Haliday Island,West Bengal,Wildlife Sanctuary,1976,5.95
Jorepokhri Salamander,West Bengal,Wildlife Sanctuary,1985,0.04
Lothian Island,West Bengal,Wildlife Sanctuary,1976,38.0
Mahananda,West Bengal,Wildlife Sanctuary,1976,158.04
Pakhi Bitan Bird Sanctuary,West Bengal,Wildlife Sanctuary,2016,14.09
Raiganj,West Bengal,Wildlife Sanctuary,1985,1.3
Ramnabagan,West Bengal,Wildlife Sanctuary,1981,0.14473
Sajnakhali,West Bengal,Wildlife Sanctuary,1976,362.4
Senchal,West Bengal,Wildlife Sanctuary,1976,38.88
West Sunderban,West Bengal,Wildlife Sanctuary,2013,556.45
Arial Island,Andaman & Nicobar Islands,Wildlife Sanctuary,1987,0.05
Bamboo Island,Andaman & Nicobar Islands,Wildlife Sanctuary,1987,0.05
Barren Island,Andaman & Nicobar Islands,Wildlife Sanctuary,1987,8.1
Battimalv Island,Andaman & Nicobar Islands,Wildlife Sanctuary,1987,2.23
Belle Island,Andaman & Nicobar Islands,Wildlife Sanctuary,1987,0.08
Benett Island,Andaman & Nicobar Islands,Wildlife Sanctuary,1987,3.46
Bingham Island,Andaman & Nicobar Islands,Wildlife Sanctuary,1987,0.08
Blister Island,Andaman & Nicobar Islands,Wildlife Sanctuary,1987,0.26
Bluff Island,Andaman & Nicobar Islands,Wildlife Sanctuary,1987,1.14
Bondoville Island,Andaman & Nicobar Islands,Wildlife Sanctuary,1987,2.55
Brush Island,Andaman & Nicobar Islands,Wildlife Sanctuary,1987,0.23
Buchanan Island,Andaman & Nicobar Islands,Wildlife Sanctuary,1987,9.33
Chanel Island,Andaman & Nicobar Islands,Wildlife Sanctuary,1987,0.13
Cinque Islands,Andaman & Nicobar Islands,Wildlife Sanctuary,1987,9.51
Clyde Island,Andaman & Nicobar Islands,Wildlife Sanctuary,1987,0.54
Cone Island,Andaman & Nicobar Islands,Wildlife Sanctuary,1987,0.65
Coral WLS,Andaman & Nicobar Islands,Wildlife Sanctuary,2022,2.73
Curlew (B.P.) Island,Andaman & Nicobar Islands,Wildlife Sanctuary,1987,0.16
Curlew Island,Andaman & Nicobar Islands,Wildlife Sanctuary,1987,0.03
Cuthbert Bay,Andaman & Nicobar Islands,Wildlife Sanctuary,1997,5.82
Defence Island,Andaman & Nicobar Islands,Wildlife Sanctuary,1987,10.49
Dot Island,Andaman & Nicobar Islands,Wildlife Sanctuary,1987,0.13
Dottrell Island,Andaman & Nicobar Islands,Wildlife Sanctuary,1987,0.13
Duncan Island,Andaman & Nicobar Islands,Wildlife Sanctuary,1987,0.73
East Island,Andaman & Nicobar Islands,Wildlife Sanctuary,1987,6.11
East of Inglis Island,Andaman & Nicobar Islands,Wildlife Sanctuary,1987,3.55
Egg Island,Andaman & Nicobar Islands,Wildlife Sanctuary,1987,0.05
Elat Island,Andaman & Nicobar Islands,Wildlife Sanctuary,1987,9.36
Entrance Island,Andaman & Nicobar Islands,Wildlife Sanctuary,1987,0.96
Gander Island,Andaman & Nicobar Islands,Wildlife Sanctuary,1987,0.05
Girjan Island,Andaman & Nicobar Islands,Wildlife Sanctuary,1987,0.16
Goose Island,Andaman & Nicobar Islands,Wildlife Sanctuary,1987,0.01
Hump Island,Andaman & Nicobar Islands,Wildlife Sanctuary,1987,0.47
Interview Island,Andaman & Nicobar Islands,Wildlife Sanctuary,1987,133.87
James Island,Andaman & Nicobar Islands,Wildlife Sanctuary,1987,2.1
Jungle Island,Andaman & Nicobar Islands,Wildlife Sanctuary,1987,0.52
Kwangtung Island,Andaman & Nicobar Islands,Wildlife Sanctuary,1987,0.57
Kyd Island,Andaman & Nicobar Islands,Wildlife Sanctuary,1987,8.0
Landfall Island,Andaman & Nicobar Islands,Wildlife Sanctuary,1987,29.48
Latouche Island,Andaman & Nicobar Islands,Wildlife Sanctuary,1987,0.96
Leatherback Turtle WLS,Andaman & Nicobar Islands,Wildlife Sanctuary,2022,13.75
Mangrove Island,Andaman & Nicobar Islands,Wildlife Sanctuary,1987,0.39
Mask Island,Andaman & Nicobar Islands,Wildlife Sanctuary,1987,0.78
Mayo Island,Andaman & Nicobar Islands,Wildlife Sanctuary,1987,0.1
Megapode WLS,Andaman & Nicobar Islands,Wildlife Sanctuary,2022,1.29
Montogemery Island,Andaman & Nicobar Islands,Wildlife Sanctuary,1987,0.21
Narcondam Island,Andaman & Nicobar Islands,Wildlife Sanctuary,1987,6.81
North Brother Island,Andaman & Nicobar Islands,Wildlife Sanctuary,1987,0.75
North Island,Andaman & Nicobar Islands,Wildlife Sanctuary,1987,0.49
North Reef Island,Andaman & Nicobar Islands,Wildlife Sanctuary,1987,3.48
Oliver Island,Andaman & Nicobar Islands,Wildlife Sanctuary,1987,0.16
Orchid Island,Andaman & Nicobar Islands,Wildlife Sanctuary,1987,0.1
Ox Island,Andaman & Nicobar Islands,Wildlife Sanctuary,1987,0.13
Oyster Island-I,Andaman & Nicobar Islands,Wildlife Sanctuary,1987,0.08
Oyster Island-II,Andaman & Nicobar Islands,Wildlife Sanctuary,1987,0.21
Paget Island,Andaman & Nicobar Islands,Wildlife Sanctuary,1987,7.36
Parkinson Island,Andaman & Nicobar Islands,Wildlife Sanctuary,1987,0.34
Passage Island,Andaman & Nicobar Islands,Wildlife Sanctuary,1987,0.62
Patric Island,Andaman & Nicobar Islands,Wildlife Sanctuary,1987,0.13
Peacock Island,Andaman & Nicobar Islands,Wildlife Sanctuary,1987,0.62
Pitman Island,Andaman & Nicobar Islands,Wildlife Sanctuary,1987,1.37
Point Island,Andaman & Nicobar Islands,Wildlife Sanctuary,1987,3.07
Potanma Islands,Andaman & Nicobar Islands,Wildlife Sanctuary,1987,0.16
Ranger Island,Andaman & Nicobar Islands,Wildlife Sanctuary,1987,4.26
Reef Island,Andaman & Nicobar Islands,Wildlife Sanctuary,1987,1.74
Roper Island,Andaman & Nicobar Islands,Wildlife Sanctuary,1987,1.46
Ross Island,Andaman & Nicobar Islands,Wildlife Sanctuary,1987,1.01
Rowe Island,Andaman & Nicobar Islands,Wildlife Sanctuary,1987,0.01
Saltwater Crocodile (Lohabarrack),Andaman & Nicobar Islands,Wildlife Sanctuary,1987,22.21
Sandy Island,Andaman & Nicobar Islands,Wildlife Sanctuary,1987,1.58
Sea Serpent Island,Andaman & Nicobar Islands,Wildlife Sanctuary,1987,0.78
Shark Island,Andaman & Nicobar Islands,Wildlife Sanctuary,1987,0.6
Shearme Island,Andaman & Nicobar Islands,Wildlife Sanctuary,1987,7.85
Sir Hugh Rose Island,Andaman & Nicobar Islands,Wildlife Sanctuary,1987,1.06
Sisters Island,Andaman & Nicobar Islands,Wildlife Sanctuary,1987,0.36
Snake Island-I,Andaman & Nicobar Islands,Wildlife Sanctuary,1987,0.73
Snake Island-II,Andaman & Nicobar Islands,Wildlife Sanctuary,1987,0.03
South Brother Island,Andaman & Nicobar Islands,Wildlife Sanctuary,1987,1.24
South Reef Island,Andaman & Nicobar Islands,Wildlife Sanctuary,1987,1.17
South Sentinel Island,Andaman & Nicobar Islands,Wildlife Sanctuary,1987,1.61
Spike Island-I,Andaman & Nicobar Islands,Wildlife Sanctuary,1987,0.42
Spike Island-II,Andaman & Nicobar Islands,Wildlife Sanctuary,1987,11.7
Stoat Island,Andaman & Nicobar Islands,Wildlife Sanctuary,1987,0.44
Surat Island,Andaman & Nicobar Islands,Wildlife Sanctuary,1987,0.31
Swamp Island,Andaman & Nicobar Islands,Wildlife Sanctuary,1987,4.09
Table (Delgarno) Island,Andaman & Nicobar Islands,Wildlife Sanctuary,1987,2.29
Table (Excelsior) Island,Andaman & Nicobar Islands,Wildlife Sanctuary,1987,1.69
Talabaicha Island,Andaman & Nicobar Islands,Wildlife Sanctuary,1987,3.21
Temple Island,Andaman & Nicobar Islands,Wildlife Sanctuary,1987,1.04
Tillongchang Island,Andaman & Nicobar Islands,Wildlife Sanctuary,1985,16.83
Tree Island,Andaman & Nicobar Islands,Wildlife Sanctuary,1987,0.03
Trilby Island,Andaman & Nicobar Islands,Wildlife Sanctuary,1987,0.96
Tuft Island,Andaman & Nicobar Islands,Wildlife Sanctuary,1987,0.29
Turtle Islands,Andaman & Nicobar Islands,Wildlife Sanctuary,1987,0.39
West Island,Andaman & Nicobar Islands,Wildlife Sanctuary,1987,6.4
Wharf Island,Andaman & Nicobar Islands,Wildlife Sanctuary,1987,0.11
White Cliff Island,Andaman & Nicobar Islands,Wildlife Sanctuary,1987,0.47
City Bird,Chandigarh,Wildlife Sanctuary,1998,0.029
Sukhna Lake,Chandigarh,Wildlife Sanctuary,1998,25.98
Dadra & Nagar Haveli,Dadra & Nagar Haveli,Wildlife Sanctuary,2000,92.1683
Fudam,Daman & Diu,Wildlife Sanctuary,1991,2.18
Asola Bhati (Indira Priyadarshini),Delhi,Wildlife Sanctuary,1992,19.605
Baltal-Thajwas,Jammu & Kashmir,Wildlife Sanctuary,1987,210.5
Gulmarg,Jammu & Kashmir,Wildlife Sanctuary,1987,180.0
Hirapora,Jammu & Kashmir,Wildlife Sanctuary,1987,341.25
Jasrota,Jammu & Kashmir,Wildlife Sanctuary,1987,10.04
Lachipora,Jammu & Kashmir,Wildlife Sanctuary,1987,37.65
Limber,Jammu & Kashmir,Wildlife Sanctuary,1987,21.76
Nandni,Jammu & Kashmir,Wildlife Sanctuary,1981,33.34
Overa-Aru,Jammu & Kashmir,Wildlife Sanctuary,1987,511.0
Rajparian (Daksum),Jammu & Kashmir,Wildlife Sanctuary,2002,20.0
Ramnagar Rakha,Jammu & Kashmir,Wildlife Sanctuary,1981,31.5
Tral,Jammu & Kashmir,Wildlife Sanctuary,2019,154.15
Surinsar Mansar,Jammu & Kashmir,Wildlife Sanctuary,1981,97.82
Tata Kutti,Jammu & Kashmir,Wildlife Sanctuary,2012,66.27
Changthang,Ladakh,Wildlife Sanctuary,1987,4000.0
Karakoram (Nubra Shyok),Ladakh,Wildlife Sanctuary,1987,5000.0
Dr. Salim Ali Bird Sanctuary - (Pitti Bird Sanctuary),Lakshadweep             ,Wildlife Sanctuary,1995,0.01
Oussudu,Puducherry,Wildlife Sanctuary,2008,3.9
Chharidhandh,Gujarat,Conservation Reserve,2008,227.0
Bir Bara Ban,Haryana,Conservation Reserve,2007,4.19
Saraswati Plantation,Haryana,Conservation Reserve,2007,44.53
Darlaghat,Himachal Pradesh,Conservation Reserve,2013,0.67
Shilli,Himachal Pradesh,Conservation Reserve,2013,1.49
Shri Naina Devi,Himachal Pradesh,Conservation Reserve,2013,17.01
Ankasamudra Bird Sanctuary,Karnataka,Conservation Reserve,2017,0.988
Banakapur,Karnataka,Conservation Reserve,2006,0.56
Basur Amruth Mahal Kaval,Karnataka,Conservation Reserve,2011,7.36
Bedthi,Karnataka,Conservation Reserve,2011,57.3
Hornbill,Karnataka,Conservation Reserve,2011,52.5
Jayamangali Blackbuck,Karnataka,Conservation Reserve,2007,3.23
Kolara Leaf Nosed Bat,Karnataka,Conservation Reserve,2019,0.9
Magadi Kere,Karnataka,Conservation Reserve,2015,0.54
Melapura Bee Eater Bird Sanctuary,Karnataka,Conservation Reserve,2015,0.0318
Puttenahalli Lake Bird Sanctuary,Karnataka,Conservation Reserve,2015,0.15
Shalmale Riparian Bio-system,Karnataka,Conservation Reserve,2012,4.89
Thimlapura,Karnataka,Conservation Reserve,2016,17.38
Thungabhadra Otter,Karnataka,Conservation Reserve,2015,20.0
Ummathur,Karnataka,Conservation Reserve,2017,6.08
Anjneri,Maharashtra,Conservation Reserve,2017,5.69
Bhorkada,Maharashtra,Conservation Reserve,2008,3.49
Kolamarka,Maharashtra,Conservation Reserve,2013,180.72
Mamdapur,Maharashtra,Conservation Reserve,2014,54.46
Muktai Bhavani,Maharashtra,Conservation Reserve,2014,122.74
Tillari,Maharashtra,Conservation Reserve,2020,29.53
Toranmal,Maharashtra,Conservation Reserve,2016,93.42
Amboli-Dodamarg,Maharashtra,Conservation Reserve,2021,56.92
Jor-Jambhali,Maharashtra,Conservation Reserve,2021,65.11
Chandgad,Maharashtra,Conservation Reserve,2021,225.24
Panhalgad,Maharashtra,Conservation Reserve,2021,72.9
Vishalgad,Maharashtra,Conservation Reserve,2021,92.96
Beas River,Punjab,Conservation Reserve,2017,
Rakh Sarai Amanat Khan,Punjab,Conservation Reserve,2010,4.95
Ranjit Sagar,Punjab,Conservation Reserve,2017,18.65
Ropar Wetland,Punjab,Conservation Reserve,2017,2.11
Bansial Khetri Bagore,Rajasthan,Conservation Reserve,2018,39.66
Beed Jhunjhunu,Rajasthan,Conservation Reserve,2012,10.4748
Beed Ghaas Phuliakhurd,Rajasthan,Conservation Reserve,2022,0.8579
Bisalpur,Rajasthan,Conservation Reserve,2008,48.31
Gogelao,Rajasthan,Conservation Reserve,2012,3.58
Gudha Vishnoiyan,Rajasthan,Conservation Reserve,2011,2.3187
Jawai Bandh Leopard,Rajasthan,Conservation Reserve,2013,19.7858
Jawai Bandh Leopard II,Rajasthan,Conservation Reserve,2018,61.98
Jod Beed Gadwala Bikaner,Rajasthan,Conservation Reserve,2008,56.4662
Khetri Bansyal,Rajasthan,Conservation Reserve,2017,70.1834
Mansa Mata,Rajasthan,Conservation Reserve,2019,102.31
Rankhar,Rajasthan,Conservation Reserve,2022,72.8861
Rotu,Rajasthan,Conservation Reserve,2012,0.7286
Shahbad,Rajasthan,Conservation Reserve,2021,189.3961
Shahbad Talahatee,Rajasthan,Conservation Reserve,2022,178.84
Shakambhari,Rajasthan,Conservation Reserve,2012,131.0
Sundha Mata,Rajasthan,Conservation Reserve,2008,117.4892
Umedganj Bird,Rajasthan,Conservation Reserve,2012,2.7247
Sling Dong Fairreanum Orchid,Sikkim,Conservation Reserve,2008,0.06
Tiruppadaimarathur,Tamil Nadu,Conservation Reserve,2005,0.0284
Suchindrum-Theroor-Managudi,Tamil Nadu,Conservation Reserve,2015,4.8477
Bhairabnagar,Tripura,Conservation Reserve,2022,12.9347
Asan Wetland,Uttarakhand,Conservation Reserve,2005,4.44
Jhilmil Jheel,Uttarakhand,Conservation Reserve,2005,37.84
Naina Devi Himalayan Bird Sanctuary,Uttarakhand,Conservation Reserve,2015,111.92
Pawalgarh,Uttarakhand,Conservation Reserve,2012,58.25
Deul,West Bengal,Conservation Reserve,2017,10.5
Garpanchkot,West Bengal,Conservation Reserve,2017,1340.34
Hijli,West Bengal,Conservation Reserve,2017,15.5
Mukutmanipur,West Bengal,Conservation Reserve,2017,43.7
Tekonia,West Bengal,Conservation Reserve,2017,5.87
Achabal,Jammu & Kashmir,Conservation Reserve,2008,20.0
Ajas,Jammu & Kashmir,Conservation Reserve,2008,48.0
Bahu,Jammu & Kashmir,Conservation Reserve,2008,19.75
Brain-Nishat,Jammu & Kashmir,Conservation Reserve,2008,15.75
"Chatlam, Pampore Wetland",Jammu & Kashmir,Conservation Reserve,2008,0.426
Freshkhori Wetland,Jammu & Kashmir,Conservation Reserve,2008,0.1525
Gambir Mughlan Goral,Jammu & Kashmir,Conservation Reserve,2019,21.3
Gharana Wetland,Jammu & Kashmir,Conservation Reserve,2008,0.75
Hokersar,Jammu & Kashmir,Conservation Reserve,1992,13.75
Hokera (Ramsar Site) Wetland,Jammu & Kashmir,Conservation Reserve,2008,13.75
Hygam Wetland,Jammu & Kashmir,Conservation Reserve,2008,7.25
Jawahar Tunnel (Chakore Reserve),Jammu & Kashmir,Conservation Reserve,2008,19.572
Khanagund / Hajin,Jammu & Kashmir,Conservation Reserve,2008,15.5
Kheri,Jammu & Kashmir,Conservation Reserve,2008,18.45
Khimber/Dara/Sharazbal,Jammu & Kashmir,Conservation Reserve,2008,34.0
Khonmoh,Jammu & Kashmir,Conservation Reserve,2008,67.0
Khrew,Jammu & Kashmir,Conservation Reserve,2008,50.25
Kranchoo Wetland,Jammu & Kashmir,Conservation Reserve,2008,0.064
Kukarian Wetland,Jammu & Kashmir,Conservation Reserve,2008,24.25
Kulian,Jammu & Kashmir,Conservation Reserve,2008,10.29
Malgam Wetland,Jammu & Kashmir,Conservation Reserve,2008,2.665
Manibugh Wetland,Jammu & Kashmir,Conservation Reserve,2008,0.053
Mirgund Wetland,Jammu & Kashmir,Conservation Reserve,2008,4.06
Naganari,Jammu & Kashmir,Conservation Reserve,2008,9.54
Nanga Wetland,Jammu & Kashmir,Conservation Reserve,2008,15.25
Narkara Wetland,Jammu & Kashmir,Conservation Reserve,2008,3.25
Pargwal Wetlnd,Jammu & Kashmir,Conservation Reserve,2008,49.25
Sangral-Asachak Wetland,Jammu & Kashmir,Conservation Reserve,2008,7.0
Shallabugh Wetland,Jammu & Kashmir,Conservation Reserve,2008,16.91
Sudhmahadev,Jammu & Kashmir,Conservation Reserve,2008,142.25
Thein Wetland,Jammu & Kashmir,Conservation Reserve,2008,18.9
Wangat/Chatergul or Wangath,Jammu & Kashmir,Conservation Reserve,2008,12.0
"Zaloora, Harwan",Jammu & Kashmir,Conservation Reserve,2008,25.25
Boodh Karbu,Ladakh,Conservation Reserve,2008,12.0
Kanji,Ladakh,Conservation Reserve,2008,100.0
Norrichain Wetland (Tsokar),Ladakh,Conservation Reserve,2008,2.0
Sabu,Ladakh,Conservation Reserve,2008,15.0
Tsomoiri Wetland,Ladakh,Conservation Reserve,2008,120.0
Arung,Arunachal Pradesh,Community Reserve,2012,7.5
Banfera Longnakshi,Arunachal Pradesh,Community Reserve,2011,4.75
Chahang,Arunachal Pradesh,Community Reserve,2015,8.8
Martak Riang,Arunachal Pradesh,Community Reserve,2016,18.0
Lal Aane,Arunachal Pradesh,Community Reserve,2012,37.75
Piji Chello Padung,Arunachal Pradesh,Community Reserve,2017,28.0
Rate,Arunachal Pradesh,Community Reserve,2019,5.77
Singchang Begun Village,Arunachal Pradesh,Community Reserve,2017,17.0
Wanu,Arunachal Pradesh,Community Reserve,2011,4.025
Gogabil Com R,Bihar,Community Reserve,2019,0.57
Abubshehar,Haryana,Community Reserve,2018,115.3
Golden Jubilee Braham Sarovar,Haryana,Community Reserve,2017,0.361
Shri Guru Jambheswar,Haryana,Community Reserve,2019,0.05
Shaheed Amrita Devi Memorial,Haryana,Community Reserve,2019,0.0981
Guru Gorakhnath,Haryana,Community Reserve,2019,0.032
Kokkare Bellur,Karnataka,Community Reserve,2007,3.12
Kadalundi Vallikkunnu,Kerala,Community Reserve,2007,1.5
Azuram,Manipur,Community Reserve,2017,5.85
Baneevehdea,Manipur,Community Reserve,2017,2.1
Chipeivao,Manipur,Community Reserve,2018,5.85
Chiibvii & Veimairii,Manipur,Community Reserve,2017,3.39
Chiuluan,Manipur,Community Reserve,2022,8.88
Houphai,Manipur,Community Reserve,2018,3.23
Lungphu,Manipur,Community Reserve,2018,3.7
Mekrimai Ru & Kakramai Bu,Manipur,Community Reserve,2018,72.456
Pfunemai,Manipur,Community Reserve,2016,2.1
Shangneme,Manipur,Community Reserve,2018,3.0
Sofii Khro,Manipur,Community Reserve,2017,2.04
Aruakgre,Meghalaya,Community Reserve,2013,0.1
Aruakgre,Meghalaya,Community Reserve,2014,1.0
Baladingre,Meghalaya,Community Reserve,2013,0.5
Balsri Adingi,Meghalaya,Community Reserve,2017,0.456
Bandarigre,Meghalaya,Community Reserve,2013,0.0067
Chandigre,Meghalaya,Community Reserve,2013,0.37
Chenggni,Meghalaya,Community Reserve,2017,1.74
Chimanpara,Meghalaya,Community Reserve,2016,0.102
Chimitap,Meghalaya,Community Reserve,2017,2.28
Dallengggittim,Meghalaya,Community Reserve,2017,0.2217
Dambuk Attong,Meghalaya,Community Reserve,2017,3.66
Dambuk Jongkol,Meghalaya,Community Reserve,2017,2.648
Dangkipara,Meghalaya,Community Reserve,2014,0.025
Daribokgre,Meghalaya,Community Reserve,2013,1.73
Dumitdikgre,Meghalaya,Community Reserve,2013,0.7
Dura Kalakgre,Meghalaya,Community Reserve,2013,0.6
Eman Asakgre,Meghalaya,Community Reserve,2013,0.304
Gokagre,Meghalaya,Community Reserve,2017,0.1789
Halwa Ambeng,Meghalaya,Community Reserve,2017,0.941
Jaksongram,Meghalaya,Community Reserve,2017,0.555
Jirang,Meghalaya,Community Reserve,2014,2.0
Ka Khloo Langdoh Kur Pyrtuh,Meghalaya,Community Reserve,2014,0.154
Ka Khloo Pohblai Mooshutia,Meghalaya,Community Reserve,2014,0.335
Ka Khloo Thangbru Umsymphu,Meghalaya,Community Reserve,2014,0.196
Ka Khloo Moopyai Wapung Shnong,Meghalaya,Community Reserve,2021,68.462
Ka Khloo Khyllem Shrieh Khloo Thangbru,Meghalaya,Community Reserve,2021,4.1
Ka Khloo Blai Langdoh Ka Kur Lyngdoh Raij Raliang,Meghalaya,Community Reserve,2021,3.51
Ka Lum Luwe,Meghalaya,Community Reserve,2018,0.141
Khloo Amrawan,Meghalaya,Community Reserve,2015,1.2875
Khloo Blai Chyrmang Sein Raij Kongwasan Chyrmang Kmai,Meghalaya,Community Reserve,2013,0.07
Khloo Blai Ka Raij U Landoh longlang,Meghalaya,Community Reserve,2016,0.1512
Ka Khloo Blai Lyngdoh Sein Raji Mynso,Meghalaya,Community Reserve,2019,0.00852
Khloo Blai Sein Raij Tuber,Meghalaya,Community Reserve,2013,0.8943
Ka Wah Umpatho,Meghalaya,Community Reserve,2019,0.31864
Ka Khlaw Umthalong,Meghalaya,Community Reserve,2020,0.02401
Ka Krem Labit Umkyrpong,Meghalaya,Community Reserve,2020,0.048
Ka Khloo Thangbru Sula Lynter Sein Rai Mynso,Meghalaya,Community Reserve,2019,0.03293
Ka Law Lyngdoh,Meghalaya,Community Reserve,2020,3.481
Kitmadamgre,Meghalaya,Community Reserve,2014,0.7
Kpoh Eijah,Meghalaya,Community Reserve,2014,0.17
Lawbah,Meghalaya,Community Reserve,2014,3.1144
Lotnagar,Meghalaya,Community Reserve,2017,0.456
Lum Jusong,Meghalaya,Community Reserve,2016,1.3046
Lumkohkriah,Meghalaya,Community Reserve,2014,6.11
Mandalgre,Meghalaya,Community Reserve,2013,0.5
Matchirampat,Meghalaya,Community Reserve,2017,0.217
Miewsyiar,Meghalaya,Community Reserve,2014,0.87
Mikadogre,Meghalaya,Community Reserve,2013,0.0128
Mongalgre,Meghalaya,Community Reserve,2014,0.2
Nikwatgre,Meghalaya,Community Reserve,2017,0.495
Nongsangu,Meghalaya,Community Reserve,2014,1.0
Phudja-ud,Meghalaya,Community Reserve,2014,1.2
Raid Nongbri,Meghalaya,Community Reserve,2014,0.7
Raid Nonglyngdoh/ Pdah Kyndeng,Meghalaya,Community Reserve,2014,0.75
Resu Haluapra,Meghalaya,Community Reserve,2014,0.5
Rewak Daburam,Meghalaya,Community Reserve,2017,0.183
Rewak Watregittim,Meghalaya,Community Reserve,2017,0.098
Rongalgre,Meghalaya,Community Reserve,2016,0.165
Rongcheng,Meghalaya,Community Reserve,2017,2.356
Rongma Paromgre,Meghalaya,Community Reserve,2013,0.623
Rongma Rekmangre,Meghalaya,Community Reserve,2013,1.924
Ryngibah,Meghalaya,Community Reserve,2016,0.96909
Ryngud,Meghalaya,Community Reserve,2014,5.22
Sakalgre,Meghalaya,Community Reserve,2013,1.22
Sasatgre,Meghalaya,Community Reserve,2013,0.6
Selbalgre,Meghalaya,Community Reserve,2013,0.2
Siju Duramong-I,Meghalaya,Community Reserve,2017,0.768
Siju Duramong-II,Meghalaya,Community Reserve,2017,2.51
Smaw Der Khil,Meghalaya,Community Reserve,2020,0.00209
Taidang,Meghalaya,Community Reserve,2017,1.214
Thangkharang,Meghalaya,Community Reserve,2014,1.11
Thokpara,Meghalaya,Community Reserve,2016,0.3
Umsum Pitcher Plant,Meghalaya,Community Reserve,2014,0.4
Upper Dosogre,Meghalaya,Community Reserve,2017,0.19691
Ailang,Nagaland,Community Reserve,2019,3.0
Aimekhi (Japu),Nagaland,Community Reserve,2019,2.05
Akhen,Nagaland,Community Reserve,2019,2.65
Akhegwo,Nagaland,Community Reserve,2019,2.65
Akumen,Nagaland,Community Reserve,2019,3.96
Aokangching (Pangsha Old),Nagaland,Community Reserve,2019,3.5
Asukhomi,Nagaland,Community Reserve,2020,2.4
Atoizu,Nagaland,Community Reserve,2015,4.0
Benreu,Nagaland,Community Reserve,2018,30.0
Bhumbak,Nagaland,Community Reserve,2018,6.5
Bonchu,Nagaland,Community Reserve,2009,9.05
Changpang,Nagaland,Community Reserve,2020,5.0
Chemekong,Nagaland,Community Reserve,2015,29.175
Chingmelen,Nagaland,Community Reserve,2019,10.0
Chishilimi,Nagaland,Community Reserve,2015,3.5
"D. Khel, Kohima Village",Nagaland,Community Reserve,2015,3.0
Deukwaram,Nagaland,Community Reserve,2019,11.2
Dihoma,Nagaland,Community Reserve,2015,2.0
Duina & Hiareu River,Nagaland,Community Reserve,2019,35.0
Ena Leu (Kingniu),Nagaland,Community Reserve,2019,20.1
Ethungya Tongti Project (Vikhum),Nagaland,Community Reserve,2019,23.0
Gariphema,Nagaland,Community Reserve,2018,2.65
Ghotovi,Nagaland,Community Reserve,2019,1.3
Hakchang,Nagaland,Community Reserve,2019,9.32
Hekheshe,Nagaland,Community Reserve,2019,1.85
Hovishe Arkha (Yezami),Nagaland,Community Reserve,2019,5.1
Hukphang,Nagaland,Community Reserve,2018,3.0
Jingru Luyong (Alisopur),Nagaland,Community Reserve,2019,15.0
Jotsoma,Nagaland,Community Reserve,2018,5.0
Kanjang,Nagaland,Community Reserve,2018,1.0
Kekhazong (Hurong),Nagaland,Community Reserve,2019,4.5
Kezoma,Nagaland,Community Reserve,2018,2.65
Khekiye,Nagaland,Community Reserve,2015,2.5
Khonoma,Nagaland,Community Reserve,2018,2.65
Khrieyalienuomaiko,Nagaland,Community Reserve,2018,2.65
Khrokhropfu - Lephori,Nagaland,Community Reserve,2009,6.15
Khudei,Nagaland,Community Reserve,2018,4.8
Khutur,Nagaland,Community Reserve,2018,4.89
Khuzama,Nagaland,Community Reserve,2019,8.0
Khwuma Khel Jotsoma,Nagaland,Community Reserve,2018,3.0
Kidema,Nagaland,Community Reserve,2018,2.65
Kigwema,Nagaland,Community Reserve,2015,2.65
Kikruma,Nagaland,Community Reserve,2015,1.1
Kilo Old,Nagaland,Community Reserve,2018,2.0
Kiyekhu Village,Nagaland,Community Reserve,2020,1.77
Kiyelho,Nagaland,Community Reserve,2018,3.0
Kuzatu,Nagaland,Community Reserve,2019,2.65
Liangmain (Wui),Nagaland,Community Reserve,2019,25.0
Litem,Nagaland,Community Reserve,2018,1.6
Lizuto,Nagaland,Community Reserve,2015,2.5
Longra,Nagaland,Community Reserve,2018,2.275
Longtang,Nagaland,Community Reserve,2018,5.8
Longtoker,Nagaland,Community Reserve,2019,30.0
Lotovi,Nagaland,Community Reserve,2018,1.0
Lotsu,Nagaland,Community Reserve,2019,10.0
Lumithsami Village,Nagaland,Community Reserve,2020,3.51
Luthsumi Village,Nagaland,Community Reserve,2020,2.77
L. Yanthan,Nagaland,Community Reserve,2020,1.2
Lumami Village,Nagaland,Community Reserve,2020,7.6
Luzaphuhu,Nagaland,Community Reserve,2015,14.0
Mezoma,Nagaland,Community Reserve,2015,2.85
Molungkimong,Nagaland,Community Reserve,2019,10.0
Morakjo,Nagaland,Community Reserve,2015,6.5
Mpai Namci,Nagaland,Community Reserve,2018,20.0
Naltoqa (Yezami),Nagaland,Community Reserve,2019,5.25
Namen Min (Khar),Nagaland,Community Reserve,2019,15.0
Nerhema Perazatsa,Nagaland,Community Reserve,2018,20.0
Nerhema Yaoke,Nagaland,Community Reserve,2018,20.0
Nian,Nagaland,Community Reserve,2018,2.0
Ningkelaksah,Nagaland,Community Reserve,2019,50.0
Noksen,Nagaland,Community Reserve,2018,1.0
Old Jalukie,Nagaland,Community Reserve,2019,3.7
Piphema “A”,Nagaland,Community Reserve,2018,1.0
Piphema “B”,Nagaland,Community Reserve,2018,2.8
Pukhato,Nagaland,Community Reserve,2019,1.4
Pyotchu Village,Nagaland,Community Reserve,2020,2.8
Rangkang,Nagaland,Community Reserve,2018,5.15
Sakhabama,Nagaland,Community Reserve,2018,2.5
Sangdak,Nagaland,Community Reserve,2018,5.09
Scaly-Mopungchuket,Nagaland,Community Reserve,2009,15.0
Sekai (Konya),Nagaland,Community Reserve,2019,18.0
Sele Aoyang Khanshu (Tuensang P. Khel),Nagaland,Community Reserve,2019,4.9
Shatuza,Nagaland,Community Reserve,2019,2.65
Shitsuasulu (Akhoya),Nagaland,Community Reserve,2019,10.0
Sitap,Nagaland,Community Reserve,2018,1.5
Taknyu,Nagaland,Community Reserve,2019,5.0
Tamlu,Nagaland,Community Reserve,2018,2.0
Tampeikituang & Duinaki River,Nagaland,Community Reserve,2019,40.0
Teyozwu Saku (P. Khel of Viswema),Nagaland,Community Reserve,2019,5.0
Thamushui (Chingmei),Nagaland,Community Reserve,2019,15.0
Tokugha,Nagaland,Community Reserve,2019,1.85
Tsecu (Piphewa Old),Nagaland,Community Reserve,2019,5.0
Tsekhwelu,Nagaland,Community Reserve,2015,8.0
Tsiepama,Nagaland,Community Reserve,2015,3.325
Tsuruhu,Nagaland,Community Reserve,2015,2.7
Tuophema Village,Nagaland,Community Reserve,2018,2.5
Tuophe Phezou (Perraziekou),Nagaland,Community Reserve,2020,6.0
Tupiyak C.K.,Nagaland,Community Reserve,2019,1.75
Tutheze,Nagaland,Community Reserve,2019,1.62
Tutim (Kengjong),Nagaland,Community Reserve,2019,10.0
Uza Zuzong (Langkok),Nagaland,Community Reserve,2019,1.87
Viswema,Nagaland,Community Reserve,2018,2.65
Viyixe,Nagaland,Community Reserve,2019,2.65
Wakchin Chingla,Nagaland,Community Reserve,2018,30.0
Waromung,Nagaland,Community Reserve,2019,3.0
Weziho,Nagaland,Community Reserve,2019,2.65
Yali,Nagaland,Community Reserve,2018,14.0
Yangpi,Nagaland,Community Reserve,2018,3.0007
Yaongyimchen,Nagaland,Community Reserve,2018,8.0
Yehemi,Nagaland,Community Reserve,2019,7.49
Yongshei,Nagaland,Community Reserve,2018,1.5
Yonyu,Nagaland,Community Reserve,2018,4.8
Zhanuolie (Chichewa),Nagaland,Community Reserve,2019,0.51
Zurutongtchu Project Land Owner Committee,Nagaland,Community Reserve,2019,10.0
Keshopur Chhamb,Punjab,Community Reserve,2007,3.4
Lalwan,Punjab,Community Reserve,2007,12.67
Panniwala Gumjal,Punjab,Community Reserve,2015,67.44
Siswan,Punjab,Community Reserve,2017,12.95
