grid_lat,grid_lon,year,Species_Count,Unique_Species,Taxonomic_Groups,Dominant_IUCN,Observation_Types
5,76,2024,6,1,Mammalia,VU,Human_Observation
5,77,2024,1,1,Mammalia,VU,Human_Observation
5,92,2024,1,1,Mammalia,VU,Human_Observation
5,93,2024,1,1,Mammalia,VU,Human_Observation
6,76,2024,5,1,Mammalia,VU,Human_Observation
6,77,2024,3,1,Mammalia,VU,Human_Observation
6,93,2016,2,1,Aves,LC/Not Evaluated,Human_Observation|Scientific
6,93,2024,1,1,Pisces,LC/Not Evaluated,Scientific
6,93,2025,3,2,Aves,LC/Not Evaluated,Scientific
7,92,2024,1,1,Mammalia,VU,Human_Observation
7,93,2019,2,1,Mammalia,LC/Not Evaluated,Human_Observation|Scientific
7,93,2025,2,1,Aves,LC/Not Evaluated,Scientific
7,94,2024,1,1,Mammalia,VU,Human_Observation
8,71,2024,1,1,Mammalia,VU,Human_Observation
8,73,2024,2,2,Mammalia,LC/Not Evaluated,Human_Observation
8,74,2024,3,1,Mammalia,VU,Human_Observation
8,75,2024,1,1,Aves,LC/Not Evaluated,Human_Observation
8,76,2015,3,2,Mammalia,LC/Not Evaluated,Human_Observation|Scientific
8,76,2017,1,1,Aves,LC/Not Evaluated,Citizen_Science
8,76,2023,1,1,Aves,LC/Not Evaluated,Citizen_Science
8,76,2024,3,3,Aves|Pisces,LC/Not Evaluated,Human_Observation|Scientific
8,76,2025,69,11,Aves|Mammalia|Reptilia,LC/Not Evaluated,Citizen_Science|Human_Observation|Scientific
8,77,2015,1,1,Aves,LC/Not Evaluated,Scientific
8,77,2017,1,1,Aves,LC/Not Evaluated,Scientific
8,77,2018,1,1,Aves,LC/Not Evaluated,Scientific
8,77,2019,1,1,Aves,LC/Not Evaluated,Scientific
8,77,2020,1,1,Aves,LC/Not Evaluated,Scientific
8,77,2022,1,1,Aves,LC/Not Evaluated,Scientific
8,77,2023,3,3,Aves,LC/Not Evaluated,Scientific
8,77,2024,9,7,Aves|Pisces,LC/Not Evaluated,Human_Observation|Scientific
8,77,2025,52,10,Aves|Mammalia|Reptilia,LC/Not Evaluated,Citizen_Science|Human_Observation|Scientific
8,78,2016,4,1,Mammalia,LC/Not Evaluated,Human_Observation|Scientific
8,78,2024,4,2,Mammalia,LC/Not Evaluated,Occurrence|Scientific
8,78,2025,5,1,Aves,LC/Not Evaluated,Scientific
8,79,2024,2,1,Mammalia,LC/Not Evaluated,Occurrence|Scientific
8,81,2019,1,1,Mammalia,LC/Not Evaluated,Human_Observation
8,91,2024,2,1,Mammalia,VU,Human_Observation
8,93,2024,1,1,Mammalia,VU,Human_Observation
8,93,2025,1,1,Mammalia,LC/Not Evaluated,Scientific
9,72,2024,1,1,Mammalia,VU,Human_Observation
9,74,2024,2,1,Mammalia,VU,Human_Observation
9,75,2017,2,2,Mammalia,LC/Not Evaluated,Human_Observation
9,75,2023,2,1,Mammalia,LC/Not Evaluated,Human_Observation|Scientific
9,76,2015,3,1,Mammalia,LC/Not Evaluated,Human_Observation|Scientific
9,76,2016,1,1,Aves,LC/Not Evaluated,Citizen_Science
9,76,2017,4,3,Aves,LC/Not Evaluated,Scientific
9,76,2018,1,1,Pisces,LC/Not Evaluated,Scientific
9,76,2020,1,1,Aves,LC/Not Evaluated,Scientific
9,76,2021,1,1,Aves,LC/Not Evaluated,Scientific
9,76,2022,1,1,Aves,LC/Not Evaluated,Scientific
9,76,2023,19,6,Aves|Mammalia|Reptilia,LC/Not Evaluated,Citizen_Science|Scientific
9,76,2024,54,11,Aves|Mammalia,LC/Not Evaluated,Citizen_Science|Human_Observation|Scientific
9,76,2025,225,18,Aves|Mammalia|Reptilia,LC/Not Evaluated,Citizen_Science|Human_Observation|Scientific
9,77,2022,1,1,Aves,LC/Not Evaluated,Scientific
9,77,2024,7,2,Aves,LC/Not Evaluated,Citizen_Science|Human_Observation|Scientific
9,77,2025,17,7,Aves,LC/Not Evaluated,Citizen_Science|Human_Observation|Scientific
9,78,2019,1,1,Mammalia,LC/Not Evaluated,Human_Observation
9,78,2024,1,1,Aves,LC/Not Evaluated,Scientific
9,78,2025,1,1,Aves,LC/Not Evaluated,Citizen_Science
9,79,2023,2,2,Mammalia|Reptilia,LC/Not Evaluated,Scientific
9,79,2024,4,3,Mammalia|Reptilia,LC/Not Evaluated,Occurrence|Scientific
9,79,2025,7,4,Aves|Reptilia,LC/Not Evaluated,Citizen_Science|Scientific
9,91,2024,2,1,Mammalia,VU,Human_Observation
9,92,2024,1,1,Mammalia,VU,Human_Observation
9,93,2024,4,1,Mammalia,VU,Human_Observation
10,72,2015,1,1,Reptilia,VU,Scientific
10,72,2022,1,1,Reptilia,VU,Scientific
10,72,2023,2,1,Mammalia,LC/Not Evaluated,Human_Observation|Scientific
10,72,2025,1,1,Reptilia,VU,Scientific
10,73,2024,3,2,Mammalia,LC/Not Evaluated,Human_Observation|Scientific
10,75,2020,1,1,Mammalia,LC/Not Evaluated,Scientific
10,75,2023,1,1,Pisces,LC/Not Evaluated,Scientific
10,75,2025,4,3,Aves|Mammalia|Reptilia,LC/Not Evaluated,Scientific
10,76,2015,2,2,Aves,LC/Not Evaluated,Scientific
10,76,2016,3,3,Aves|Mammalia,LC/Not Evaluated,Citizen_Science|Scientific
10,76,2017,5,4,Aves,LC/Not Evaluated,Scientific
10,76,2018,1,1,Aves,LC/Not Evaluated,Scientific
10,76,2019,4,1,Aves,LC/Not Evaluated,Scientific
10,76,2020,7,4,Aves|Mammalia,LC/Not Evaluated,Scientific
10,76,2021,4,4,Aves|Mammalia,LC/Not Evaluated,Citizen_Science|Scientific
10,76,2022,1,1,Aves,LC/Not Evaluated,Scientific
10,76,2023,24,8,Aves|Mammalia,LC/Not Evaluated,Citizen_Science|Scientific
10,76,2024,41,8,Aves|Mammalia,LC/Not Evaluated,Citizen_Science|Human_Observation|Scientific
10,76,2025,80,18,Aves|Mammalia|Reptilia,LC/Not Evaluated,Citizen_Science|Human_Observation|Scientific
10,77,2015,1,1,Aves,LC/Not Evaluated,Citizen_Science
10,77,2017,7,4,Aves,LC/Not Evaluated,Citizen_Science|Scientific
10,77,2018,4,2,Aves,LC/Not Evaluated,Citizen_Science|Scientific
10,77,2020,2,2,Aves,LC/Not Evaluated,Citizen_Science|Scientific
10,77,2021,2,1,Aves,LC/Not Evaluated,Citizen_Science
10,77,2022,4,3,Aves,LC/Not Evaluated,Citizen_Science|Scientific
10,77,2023,12,5,Aves,LC/Not Evaluated,Citizen_Science|Scientific
10,77,2024,11,4,Aves,LC/Not Evaluated,Citizen_Science|Human_Observation|Scientific
10,77,2025,32,10,Aves,LC/Not Evaluated,Citizen_Science|Human_Observation|Scientific
10,78,2025,12,5,Aves,LC/Not Evaluated,Citizen_Science|Scientific
10,79,2024,3,3,Aves,LC/Not Evaluated,Scientific
10,79,2025,9,6,Aves,LC/Not Evaluated,Citizen_Science|Human_Observation|Scientific
10,90,2024,1,1,Mammalia,VU,Human_Observation
10,91,2024,2,1,Mammalia,VU,Human_Observation
10,92,2023,1,1,Aves,LC/Not Evaluated,Scientific
10,92,2024,1,1,Mammalia,VU,Human_Observation
10,93,2024,7,4,Aves|Pisces,LC/Not Evaluated,Occurrence|Scientific
10,94,2024,1,1,Mammalia,DD,Human_Observation
11,72,2019,5,2,Mammalia,LC/Not Evaluated,Human_Observation|Scientific
11,74,2020,1,1,Mammalia,LC/Not Evaluated,Human_Observation
11,74,2024,1,1,Mammalia,LC/Not Evaluated,Human_Observation
11,75,2018,1,1,Aves,LC/Not Evaluated,Scientific
11,75,2019,5,2,Aves,LC/Not Evaluated,Human_Observation|Scientific
11,75,2020,5,2,Aves,LC/Not Evaluated,Scientific
11,75,2021,2,2,Aves|Mammalia,LC/Not Evaluated,Scientific
11,75,2022,2,2,Aves|Mammalia,LC/Not Evaluated,Scientific
11,75,2023,25,5,Aves|Mammalia,LC/Not Evaluated,Citizen_Science|Scientific
11,75,2024,68,11,Aves|Mammalia,LC/Not Evaluated,Citizen_Science|Human_Observation|Scientific
11,75,2025,105,13,Aves|Mammalia,LC/Not Evaluated,Citizen_Science|Human_Observation|Scientific
11,76,2015,1,1,Aves,LC/Not Evaluated,Citizen_Science
11,76,2016,2,2,Aves,LC/Not Evaluated,Citizen_Science
11,76,2017,5,4,Aves,LC/Not Evaluated,Scientific
11,76,2018,6,6,Aves,LC/Not Evaluated,Citizen_Science|Scientific
11,76,2019,2,2,Aves,LC/Not Evaluated,Scientific
11,76,2020,2,2,Aves,LC/Not Evaluated,Scientific
11,76,2021,6,2,Aves,LC/Not Evaluated,Scientific
11,76,2022,1,1,Aves,LC/Not Evaluated,Scientific
11,76,2023,19,5,Aves,LC/Not Evaluated,Citizen_Science|Scientific
11,76,2024,33,9,Aves|Pisces,LC/Not Evaluated,Citizen_Science|Human_Observation|Scientific
11,76,2025,112,13,Aves,LC/Not Evaluated,Citizen_Science|Human_Observation|Scientific
11,77,2017,1,1,Aves,LC/Not Evaluated,Citizen_Science
11,77,2022,1,1,Aves,LC/Not Evaluated,Scientific
11,77,2023,7,3,Aves,LC/Not Evaluated,Citizen_Science|Scientific
11,77,2024,2,2,Aves,LC/Not Evaluated,Scientific
11,77,2025,50,10,Aves,LC/Not Evaluated,Citizen_Science|Human_Observation|Scientific
11,78,2017,5,2,Aves,LC/Not Evaluated,Scientific
11,78,2018,2,2,Aves,LC/Not Evaluated,Scientific
11,78,2019,1,1,Aves,LC/Not Evaluated,Scientific
11,78,2021,1,1,Aves,LC/Not Evaluated,Scientific
11,78,2022,2,2,Aves,LC/Not Evaluated,Scientific
11,78,2023,3,2,Aves,LC/Not Evaluated,Citizen_Science|Scientific
11,78,2024,7,5,Aves,LC/Not Evaluated,Human_Observation|Scientific
11,78,2025,35,9,Aves,LC/Not Evaluated,Citizen_Science|Human_Observation|Scientific
11,79,2017,3,2,Aves,LC,Scientific
11,79,2018,1,1,Aves,LC/Not Evaluated,Scientific
11,79,2019,3,3,Aves,LC/Not Evaluated,Citizen_Science|Scientific
11,79,2020,1,1,Pisces,LC/Not Evaluated,Scientific
11,79,2021,1,1,Aves,LC/Not Evaluated,Scientific
11,79,2022,1,1,Aves,LC/Not Evaluated,Scientific
11,79,2023,2,2,Aves|Pisces,LC/Not Evaluated,Scientific
11,79,2024,6,3,Aves|Pisces|Reptilia,LC/Not Evaluated,Human_Observation|Scientific
11,79,2025,12,6,Aves|Reptilia,LC/Not Evaluated,Human_Observation|Scientific
11,80,2025,1,1,Mammalia,LC/Not Evaluated,Human_Observation
11,92,2019,2,1,Mammalia,LC/Not Evaluated,Human_Observation|Scientific
11,92,2020,1,1,Reptilia,VU,Scientific
11,92,2022,6,2,Aves,LC/Not Evaluated,Scientific
11,92,2023,23,10,Aves,LC/Not Evaluated,Citizen_Science|Scientific
11,92,2024,52,7,Aves|Mammalia|Reptilia,LC/Not Evaluated,Human_Observation|Scientific
11,92,2025,48,7,Aves|Reptilia,LC/Not Evaluated,Citizen_Science|Human_Observation|Scientific
11,93,2023,1,1,Aves,LC/Not Evaluated,Scientific
11,93,2024,2,2,Mammalia|Reptilia,VU,Human_Observation|Scientific
11,93,2025,18,3,Aves|Reptilia,LC/Not Evaluated,Citizen_Science|Human_Observation|Scientific
12,73,2019,1,1,Mammalia,LC/Not Evaluated,Human_Observation
12,74,2021,3,1,Aves,LC/Not Evaluated,Scientific
12,74,2022,3,1,Mammalia,LC/Not Evaluated,Human_Observation|Scientific
12,74,2023,5,3,Aves|Mammalia|Reptilia,LC/Not Evaluated,Scientific
12,74,2024,1,1,Aves,LC/Not Evaluated,Scientific
12,74,2025,8,6,Aves|Mammalia,LC/Not Evaluated,Citizen_Science|Human_Observation|Scientific
12,75,2018,1,1,Aves,LC/Not Evaluated,Citizen_Science
12,75,2019,1,1,Aves,LC/Not Evaluated,Scientific
12,75,2021,4,1,Aves,LC/Not Evaluated,Scientific
12,75,2022,9,3,Aves|Mammalia,LC/Not Evaluated,Scientific
12,75,2023,10,4,Aves,LC/Not Evaluated,Scientific
12,75,2024,20,9,Aves|Mammalia,LC/Not Evaluated,Citizen_Science|Scientific
12,75,2025,30,13,Aves,LC/Not Evaluated,Citizen_Science|Human_Observation|Scientific
12,76,2015,6,2,Aves,LC/Not Evaluated,Scientific
12,76,2016,1,1,Aves,LC/Not Evaluated,Scientific
12,76,2017,2,2,Aves,LC/Not Evaluated,Scientific
12,76,2018,1,1,Aves,LC/Not Evaluated,Scientific
12,76,2022,4,1,Aves,LC/Not Evaluated,Scientific
12,76,2023,12,6,Aves,LC/Not Evaluated,Citizen_Science|Scientific
12,76,2024,6,5,Aves,LC/Not Evaluated,Scientific
12,76,2025,47,14,Aves,LC/Not Evaluated,Citizen_Science|Human_Observation|Scientific
12,77,2015,2,1,Aves,LC/Not Evaluated,Citizen_Science
12,77,2016,5,5,Aves,LC/Not Evaluated,Scientific
12,77,2019,7,4,Aves,LC/Not Evaluated,Citizen_Science|Scientific
12,77,2020,4,3,Aves,LC/Not Evaluated,Citizen_Science|Scientific
12,77,2021,3,3,Aves,LC/Not Evaluated,Citizen_Science|Scientific
12,77,2022,2,2,Aves,LC/Not Evaluated,Scientific
12,77,2023,23,8,Aves,LC/Not Evaluated,Citizen_Science|Scientific
12,77,2024,31,12,Aves,LC/Not Evaluated,Citizen_Science|Human_Observation|Scientific
12,77,2025,201,19,Aves,LC/Not Evaluated,Citizen_Science|Human_Observation|Scientific
12,78,2021,1,1,Aves,LC/Not Evaluated,Citizen_Science
12,78,2023,1,1,Aves,LC/Not Evaluated,Scientific
12,78,2024,2,2,Aves,LC/Not Evaluated,Scientific
12,78,2025,19,4,Aves,LC/Not Evaluated,Citizen_Science|Human_Observation|Scientific
12,79,2015,1,1,Aves,LC/Not Evaluated,Scientific
12,79,2018,1,1,Aves,LC/Not Evaluated,Scientific
12,79,2020,3,2,Aves,LC,Citizen_Science|Scientific
12,79,2021,1,1,Aves,LC/Not Evaluated,Scientific
12,79,2022,3,1,Aves,LC/Not Evaluated,Citizen_Science|Scientific
12,79,2023,1,1,Aves,LC/Not Evaluated,Scientific
12,79,2024,4,3,Aves|Mammalia,LC/Not Evaluated,Citizen_Science|Scientific
12,79,2025,40,10,Aves|Reptilia,LC/Not Evaluated,Citizen_Science|Human_Observation|Scientific
12,80,2016,1,1,Mammalia,LC/Not Evaluated,Human_Observation
12,80,2017,1,1,Aves,LC/Not Evaluated,Citizen_Science
12,80,2018,1,1,Aves,LC/Not Evaluated,Scientific
12,80,2019,9,4,Aves,LC/Not Evaluated,Citizen_Science|Scientific
12,80,2020,24,6,Aves,LC/Not Evaluated,Citizen_Science|Scientific
12,80,2021,3,2,Aves|Mammalia,LC/Not Evaluated,Scientific
12,80,2022,1,1,Aves,LC/Not Evaluated,Scientific
12,80,2023,2,1,Mammalia,DD,Human_Observation|Scientific
12,80,2024,21,8,Aves|Mammalia|Reptilia,LC/Not Evaluated,Human_Observation|Scientific
12,80,2025,86,10,Aves|Mammalia|Reptilia,LC/Not Evaluated,Citizen_Science|Human_Observation|Scientific
12,92,2023,1,1,Aves,LC/Not Evaluated,Scientific
12,92,2024,3,2,Aves|Mammalia,VU,Human_Observation|Scientific
12,92,2025,5,3,Aves|Reptilia,LC/Not Evaluated,Scientific
12,93,2024,1,1,Mammalia,VU,Human_Observation
12,93,2025,3,3,Aves|Reptilia,LC/Not Evaluated,Scientific
13,74,2016,2,2,Aves|Mammalia,LC/Not Evaluated,Scientific
13,74,2017,1,1,Aves,LC/Not Evaluated,Scientific
13,74,2018,2,2,Aves,LC/Not Evaluated,Scientific
13,74,2019,3,3,Mammalia,LC/Not Evaluated,Human_Observation
13,74,2020,2,2,Aves|Mammalia,LC/Not Evaluated,Scientific
13,74,2022,1,1,Mammalia,LC/Not Evaluated,Scientific
13,74,2023,1,1,Mammalia,LC/Not Evaluated,Scientific
13,74,2024,2,2,Aves|Mammalia,LC/Not Evaluated,Human_Observation|Scientific
13,74,2025,20,10,Aves|Reptilia,LC/Not Evaluated,Scientific
13,75,2015,1,1,Aves,LC/Not Evaluated,Citizen_Science
13,75,2017,1,1,Aves,LC/Not Evaluated,Scientific
13,75,2018,2,2,Aves,LC/Not Evaluated,Human_Observation|Scientific
13,75,2023,3,3,Aves,LC/Not Evaluated,Scientific
13,75,2024,11,9,Aves,LC/Not Evaluated,Citizen_Science|Scientific
13,75,2025,13,4,Aves,LC/Not Evaluated,Human_Observation|Scientific
13,76,2025,1,1,Aves,LC/Not Evaluated,Scientific
13,77,2015,3,3,Aves,LC/Not Evaluated,Citizen_Science|Scientific
13,77,2018,1,1,Aves,LC/Not Evaluated,Scientific
13,77,2019,4,2,Aves,LC/Not Evaluated,Citizen_Science|Scientific
13,77,2020,1,1,Aves,LC/Not Evaluated,Citizen_Science
13,77,2021,2,1,Aves,LC/Not Evaluated,Scientific
13,77,2022,3,2,Aves,LC/Not Evaluated,Citizen_Science|Scientific
13,77,2023,9,4,Aves,LC/Not Evaluated,Scientific
13,77,2024,19,9,Aves,LC/Not Evaluated,Citizen_Science|Scientific
13,77,2025,80,14,Aves,LC/Not Evaluated,Citizen_Science|Human_Observation|Scientific
13,78,2024,2,1,Mammalia,LC/Not Evaluated,Scientific
13,78,2025,1,1,Aves,LC/Not Evaluated,Human_Observation
13,79,2022,1,1,Aves,LC/Not Evaluated,Scientific
13,79,2023,5,2,Aves,LC/Not Evaluated,Scientific
13,79,2024,1,1,Aves,LC/Not Evaluated,Scientific
13,79,2025,5,4,Aves,LC/Not Evaluated,Citizen_Science|Scientific
13,80,2016,6,6,Aves|Mammalia,LC/Not Evaluated,Human_Observation|Scientific
13,80,2017,1,1,Reptilia,VU,Scientific
13,80,2018,1,1,Aves,LC/Not Evaluated,Scientific
13,80,2020,2,2,Aves|Mammalia,LC/Not Evaluated,Citizen_Science|Human_Observation
13,80,2021,6,1,Pisces,LC/Not Evaluated,Scientific
13,80,2022,8,3,Aves|Pisces,LC/Not Evaluated,Scientific
13,80,2023,2,1,Aves,LC/Not Evaluated,Scientific
13,80,2024,15,4,Aves|Mammalia,LC/Not Evaluated,Scientific
13,80,2025,56,10,Aves|Reptilia,LC/Not Evaluated,Citizen_Science|Human_Observation|Scientific
13,92,2024,1,1,Mammalia,VU,Human_Observation
14,74,2016,2,1,Mammalia,LC/Not Evaluated,Human_Observation|Scientific
14,74,2018,1,1,Mammalia,LC/Not Evaluated,Scientific
14,74,2020,1,1,Mammalia,LC/Not Evaluated,Scientific
14,74,2022,3,1,Mammalia,LC/Not Evaluated,Scientific
14,74,2023,2,1,Mammalia,LC/Not Evaluated,Scientific
14,74,2024,1,1,Aves,LC/Not Evaluated,Scientific
14,74,2025,9,7,Aves|Mammalia|Reptilia,LC/Not Evaluated,Scientific
14,75,2015,2,1,Aves,LC/Not Evaluated,Human_Observation|Scientific
14,75,2019,1,1,Aves,LC/Not Evaluated,Scientific
14,75,2025,8,6,Aves,LC/Not Evaluated,Scientific
14,76,2025,1,1,Aves,LC/Not Evaluated,Scientific
14,77,2025,1,1,Aves,LC/Not Evaluated,Scientific
14,79,2020,1,1,Aves,LC/Not Evaluated,Scientific
14,79,2024,1,1,Aves,LC/Not Evaluated,Citizen_Science
14,80,2024,5,3,Mammalia|Reptilia,LC/Not Evaluated,Human_Observation|Scientific
14,80,2025,8,2,Aves|Reptilia,VU,Scientific
15,73,2016,2,1,Mammalia,LC/Not Evaluated,Human_Observation|Scientific
15,73,2018,2,1,Mammalia,LC/Not Evaluated,Scientific
15,73,2019,5,1,Mammalia,LC/Not Evaluated,Human_Observation|Scientific
15,73,2020,2,2,Aves|Mammalia,LC/Not Evaluated,Citizen_Science|Scientific
15,73,2021,2,2,Aves|Mammalia,LC/Not Evaluated,Scientific
15,73,2022,2,2,Mammalia,DD,Scientific
15,73,2023,7,2,Aves|Mammalia,LC/Not Evaluated,Citizen_Science|Scientific
15,73,2024,32,12,Aves|Mammalia,LC/Not Evaluated,Citizen_Science|Human_Observation|Scientific
15,73,2025,168,18,Aves|Mammalia|Reptilia,LC/Not Evaluated,Citizen_Science|Human_Observation|Scientific
15,74,2015,3,2,Aves|Mammalia,LC/Not Evaluated,Human_Observation|Scientific
15,74,2018,1,1,Aves,LC/Not Evaluated,Scientific
15,74,2019,7,3,Aves,LC/Not Evaluated,Scientific
15,74,2020,1,1,Aves,LC/Not Evaluated,Citizen_Science
15,74,2022,4,4,Aves|Mammalia,LC/Not Evaluated,Citizen_Science|Scientific
15,74,2023,4,4,Aves|Mammalia,LC/Not Evaluated,Scientific
15,74,2024,13,7,Aves,LC/Not Evaluated,Scientific
15,74,2025,41,11,Aves|Mammalia,LC/Not Evaluated,Human_Observation|Scientific
15,75,2017,1,1,Aves,LC/Not Evaluated,Scientific
15,75,2018,1,1,Aves,LC/Not Evaluated,Scientific
15,75,2019,1,1,Aves,LC/Not Evaluated,Scientific
15,76,2025,1,1,Aves,LC/Not Evaluated,Scientific
15,78,2016,2,1,Aves,LC/Not Evaluated,Human_Observation|Scientific
15,78,2017,1,1,Aves,LC/Not Evaluated,Scientific
15,78,2021,1,1,Aves,LC/Not Evaluated,Citizen_Science
15,78,2022,2,1,Aves,LC/Not Evaluated,Scientific
15,80,2024,4,1,Mammalia,LC/Not Evaluated,Human_Observation|Scientific
15,80,2025,12,4,Aves|Reptilia,LC/Not Evaluated,Human_Observation|Scientific
15,90,2024,4,2,Mammalia,DD,Occurrence|Scientific
16,73,2018,1,1,Mammalia,LC/Not Evaluated,Scientific
16,73,2021,3,2,Aves,LC/Not Evaluated,Scientific
16,73,2024,2,2,Aves|Reptilia,LC/Not Evaluated,Scientific
16,73,2025,6,3,Aves|Reptilia,LC/Not Evaluated,Scientific
16,74,2023,1,1,Aves,LC/Not Evaluated,Scientific
16,74,2025,1,1,Aves,LC/Not Evaluated,Scientific
16,75,2025,1,1,Aves,LC/Not Evaluated,Scientific
16,77,2024,1,1,Aves,LC/Not Evaluated,Scientific
16,77,2025,2,2,Aves,LC/Not Evaluated,Scientific
16,78,2017,2,2,Aves,LC/Not Evaluated,Citizen_Science|Scientific
16,78,2022,1,1,Aves,LC/Not Evaluated,Scientific
16,78,2025,4,2,Aves,LC/Not Evaluated,Citizen_Science|Scientific
16,80,2022,1,1,Aves,LC/Not Evaluated,Scientific
16,80,2023,1,1,Aves,LC/Not Evaluated,Citizen_Science
16,80,2024,1,1,Aves,LC/Not Evaluated,Scientific
16,80,2025,12,5,Aves,LC/Not Evaluated,Human_Observation|Scientific
16,81,2023,3,2,Aves,LC/Not Evaluated,Citizen_Science|Scientific
16,81,2024,2,1,Mammalia,LC/Not Evaluated,Scientific
16,81,2025,15,5,Aves|Mammalia|Reptilia,LC/Not Evaluated,Human_Observation|Scientific
16,82,2020,1,1,Mammalia,LC/Not Evaluated,Human_Observation
16,82,2023,1,1,Mammalia,LC/Not Evaluated,Scientific
16,82,2024,4,3,Aves|Mammalia,LC/Not Evaluated,Scientific
17,73,2016,1,1,Reptilia,VU,Scientific
17,73,2017,1,1,Mammalia,LC/Not Evaluated,Scientific
17,73,2020,1,1,Mammalia,LC/Not Evaluated,Scientific
17,73,2021,2,2,Aves,LC/Not Evaluated,Scientific
17,73,2022,1,1,Aves,LC/Not Evaluated,Scientific
17,73,2023,2,2,Mammalia|Pisces,LC/Not Evaluated,Scientific
17,73,2024,1,1,Mammalia,LC/Not Evaluated,Scientific
17,73,2025,18,8,Aves|Reptilia,LC/Not Evaluated,Citizen_Science|Human_Observation|Scientific
17,74,2016,1,1,Aves,LC/Not Evaluated,Scientific
17,74,2022,1,1,Aves,LC/Not Evaluated,Scientific
17,74,2024,1,1,Aves,LC/Not Evaluated,Scientific
17,74,2025,4,2,Aves,LC/Not Evaluated,Scientific
17,75,2015,2,1,Aves,LC/Not Evaluated,Human_Observation|Scientific
17,75,2024,1,1,Aves,LC/Not Evaluated,Scientific
17,75,2025,3,2,Aves,LC/Not Evaluated,Scientific
17,77,2020,1,1,Aves,LC/Not Evaluated,Citizen_Science
17,77,2021,2,2,Aves,LC/Not Evaluated,Citizen_Science|Scientific
17,77,2023,4,3,Aves,LC/Not Evaluated,Scientific
17,77,2025,9,5,Aves,LC/Not Evaluated,Human_Observation|Scientific
17,78,2023,4,3,Aves,LC/Not Evaluated,Citizen_Science|Scientific
17,78,2024,9,7,Aves,LC/Not Evaluated,Citizen_Science|Scientific
17,78,2025,35,9,Aves,LC/Not Evaluated,Citizen_Science|Scientific
17,80,2025,5,4,Aves,LC/Not Evaluated,Scientific
17,81,2017,2,2,Aves,LC/Not Evaluated,Scientific
17,81,2024,1,1,Aves,LC/Not Evaluated,Citizen_Science
17,81,2025,9,7,Aves,LC/Not Evaluated,Human_Observation|Scientific
17,82,2024,4,2,Mammalia,LC/Not Evaluated,Scientific
17,82,2025,1,1,Reptilia,VU,Scientific
17,83,2016,3,1,Mammalia,LC/Not Evaluated,Human_Observation|Scientific
17,83,2017,3,1,Pisces,LC/Not Evaluated,Scientific
17,83,2018,1,1,Aves,LC/Not Evaluated,Scientific
17,83,2020,1,1,Aves,LC/Not Evaluated,Citizen_Science
17,83,2021,2,2,Pisces|Reptilia,LC/Not Evaluated,Scientific
17,83,2022,5,3,Aves|Mammalia|Reptilia,VU,Scientific
17,83,2023,9,4,Aves|Mammalia|Pisces,LC/Not Evaluated,Human_Observation|Scientific
17,83,2024,15,5,Aves|Mammalia|Pisces|Reptilia,VU,Citizen_Science|Scientific
17,83,2025,60,9,Aves|Pisces|Reptilia,VU,Citizen_Science|Scientific
17,84,2024,4,2,Mammalia,LC/Not Evaluated,Scientific
18,72,2015,2,2,Aves|Mammalia,LC/Not Evaluated,Scientific
18,72,2017,1,1,Aves,LC/Not Evaluated,Scientific
18,72,2018,4,3,Aves|Pisces,CR,Scientific
18,72,2019,2,1,Aves,LC/Not Evaluated,Scientific
18,72,2020,6,2,Aves|Pisces,CR,Scientific
18,72,2021,2,2,Aves|Mammalia,LC/Not Evaluated,Scientific
18,72,2022,10,3,Mammalia|Pisces,LC/Not Evaluated,Scientific
18,72,2023,4,2,Pisces,CR,Scientific
18,72,2024,64,8,Aves|Mammalia|Pisces,LC/Not Evaluated,Human_Observation|Scientific
18,72,2025,39,13,Aves|Mammalia|Pisces|Reptilia,LC/Not Evaluated,Citizen_Science|Human_Observation|Scientific
18,73,2015,2,2,Aves,LC/Not Evaluated,Scientific
18,73,2016,2,1,Aves,LC/Not Evaluated,Scientific
18,73,2017,1,1,Aves,LC/Not Evaluated,Citizen_Science
18,73,2018,6,4,Aves,LC/Not Evaluated,Citizen_Science|Scientific
18,73,2020,8,6,Aves,LC/Not Evaluated,Citizen_Science|Scientific
18,73,2021,13,8,Aves,LC/Not Evaluated,Citizen_Science|Scientific
18,73,2023,6,4,Aves,LC/Not Evaluated,Citizen_Science|Scientific
18,73,2024,22,7,Aves,LC/Not Evaluated,Citizen_Science|Human_Observation|Scientific
18,73,2025,75,17,Aves,LC/Not Evaluated,Citizen_Science|Human_Observation|Scientific
18,74,2015,2,2,Aves,LC/Not Evaluated,Scientific
18,74,2016,1,1,Aves,LC/Not Evaluated,Scientific
18,74,2018,1,1,Aves,LC/Not Evaluated,Citizen_Science
18,74,2019,1,1,Aves,LC/Not Evaluated,Scientific
18,74,2020,8,7,Aves,LC/Not Evaluated,Scientific
18,74,2021,9,4,Aves,LC/Not Evaluated,Scientific
18,74,2022,9,1,Aves,LC/Not Evaluated,Scientific
18,74,2023,28,6,Aves,LC/Not Evaluated,Citizen_Science|Scientific
18,74,2024,22,6,Aves,LC/Not Evaluated,Citizen_Science|Human_Observation|Scientific
18,74,2025,85,10,Aves,LC/Not Evaluated,Citizen_Science|Human_Observation|Scientific
18,75,2024,1,1,Aves,LC/Not Evaluated,Citizen_Science
18,75,2025,4,2,Aves,LC/Not Evaluated,Human_Observation|Scientific
18,76,2024,1,1,Aves,LC/Not Evaluated,Human_Observation
18,77,2025,5,3,Aves,LC/Not Evaluated,Citizen_Science|Scientific
18,78,2023,1,1,Aves,LC/Not Evaluated,Citizen_Science
18,78,2025,2,1,Aves,LC,Scientific
18,79,2018,1,1,Aves,LC/Not Evaluated,Citizen_Science
18,79,2024,1,1,Aves,LC,Scientific
18,79,2025,10,5,Aves,LC/Not Evaluated,Citizen_Science|Scientific
18,80,2025,1,1,Aves,LC/Not Evaluated,Scientific
18,81,2025,1,1,Aves,LC/Not Evaluated,Scientific
18,82,2018,2,1,Aves,LC/Not Evaluated,Scientific
18,82,2025,1,1,Aves,LC/Not Evaluated,Scientific
18,83,2021,1,1,Aves,LC/Not Evaluated,Scientific
18,83,2024,1,1,Aves,LC/Not Evaluated,Citizen_Science
18,83,2025,15,9,Aves|Reptilia,LC/Not Evaluated,Citizen_Science|Human_Observation|Scientific
18,84,2020,1,1,Aves,LC/Not Evaluated,Scientific
18,84,2023,1,1,Reptilia,VU,Scientific
18,84,2025,5,3,Aves|Reptilia,LC/Not Evaluated,Human_Observation|Scientific
19,72,2017,1,1,Aves,LC/Not Evaluated,Scientific
19,72,2018,2,2,Aves|Pisces,CR,Scientific
19,72,2019,12,4,Aves|Mammalia|Pisces,CR,Citizen_Science|Human_Observation|Scientific
19,72,2020,7,2,Mammalia|Pisces,CR,Scientific
19,72,2021,5,3,Aves|Pisces,CR,Citizen_Science|Scientific
19,72,2022,5,5,Aves|Mammalia|Pisces,LC/Not Evaluated,Citizen_Science|Scientific
19,72,2023,7,4,Aves|Pisces,CR,Scientific
19,72,2024,7,4,Aves,LC/Not Evaluated,Citizen_Science|Scientific
19,72,2025,49,14,Aves|Pisces,LC/Not Evaluated,Citizen_Science|Human_Observation|Scientific
19,73,2015,3,3,Aves,LC/Not Evaluated,Scientific
19,73,2016,1,1,Aves,LC/Not Evaluated,Citizen_Science
19,73,2017,2,2,Aves,LC/Not Evaluated,Citizen_Science|Scientific
19,73,2018,2,2,Aves,LC/Not Evaluated,Scientific
19,73,2019,3,2,Aves,LC/Not Evaluated,Citizen_Science|Scientific
19,73,2020,13,5,Aves,LC/Not Evaluated,Citizen_Science|Scientific
19,73,2021,15,5,Aves,LC/Not Evaluated,Citizen_Science|Scientific
19,73,2022,4,2,Aves,LC/Not Evaluated,Citizen_Science|Scientific
19,73,2023,1,1,Aves,LC/Not Evaluated,Scientific
19,73,2024,6,5,Aves,LC/Not Evaluated,Citizen_Science|Scientific
19,73,2025,90,17,Aves,LC/Not Evaluated,Citizen_Science|Human_Observation|Scientific
19,74,2023,1,1,Aves,LC/Not Evaluated,Scientific
19,75,2020,1,1,Aves,LC/Not Evaluated,Citizen_Science
19,75,2025,5,3,Aves,LC/Not Evaluated,Citizen_Science|Human_Observation|Scientific
19,76,2025,2,1,Aves,LC/Not Evaluated,Scientific
19,77,2025,1,1,Aves,LC/Not Evaluated,Citizen_Science
19,78,2021,2,1,Aves,LC/Not Evaluated,Scientific
19,78,2025,7,3,Aves,LC,Citizen_Science|Human_Observation|Scientific
19,79,2025,21,8,Aves,LC/Not Evaluated,Human_Observation|Scientific
19,80,2025,1,1,Aves,LC/Not Evaluated,Scientific
19,82,2018,2,2,Aves,LC/Not Evaluated,Citizen_Science|Scientific
19,82,2023,2,2,Aves,LC/Not Evaluated,Scientific
19,82,2024,1,1,Aves,LC/Not Evaluated,Citizen_Science
19,82,2025,4,4,Aves,LC/Not Evaluated,Citizen_Science|Scientific
19,83,2023,5,3,Aves,LC/Not Evaluated,Scientific
19,83,2024,10,5,Aves,LC/Not Evaluated,Citizen_Science|Scientific
19,83,2025,16,10,Aves,LC/Not Evaluated,Scientific
19,84,2024,1,1,Aves,LC/Not Evaluated,Scientific
19,84,2025,12,3,Aves|Reptilia,LC/Not Evaluated,Scientific
19,85,2016,5,4,Aves,LC/Not Evaluated,Citizen_Science|Scientific
19,85,2018,1,1,Mammalia,LC/Not Evaluated,Scientific
19,85,2022,2,1,Aves,LC/Not Evaluated,Scientific
19,85,2023,9,2,Aves|Mammalia,LC/Not Evaluated,Citizen_Science|Human_Observation|Scientific
19,85,2024,17,6,Aves|Mammalia,LC/Not Evaluated,Human_Observation|Scientific
19,85,2025,45,10,Aves|Mammalia|Reptilia,LC/Not Evaluated,Citizen_Science|Human_Observation|Scientific
19,86,2025,1,1,Aves,LC/Not Evaluated,Scientific
20,70,2022,1,1,Pisces,LC/Not Evaluated,Scientific
20,70,2024,3,1,Aves,LC/Not Evaluated,Human_Observation
20,70,2025,1,1,Aves,LC/Not Evaluated,Scientific
20,71,2024,3,1,Aves,LC/Not Evaluated,Human_Observation
20,71,2025,3,2,Aves,LC/Not Evaluated,Scientific
20,72,2024,2,1,Pisces,CR,Scientific
20,72,2025,5,4,Aves,LC/Not Evaluated,Citizen_Science|Human_Observation|Scientific
20,73,2022,1,1,Aves,LC/Not Evaluated,Scientific
20,73,2025,26,10,Aves,LC/Not Evaluated,Citizen_Science|Human_Observation|Scientific
20,74,2019,1,1,Aves,LC/Not Evaluated,Scientific
20,74,2024,4,1,Aves,LC/Not Evaluated,Human_Observation
20,74,2025,10,1,Aves,LC/Not Evaluated,Citizen_Science|Human_Observation
20,75,2024,3,2,Aves,LC/Not Evaluated,Citizen_Science|Scientific
20,75,2025,25,9,Aves,LC/Not Evaluated,Citizen_Science|Human_Observation|Scientific
20,76,2024,1,1,Aves,LC/Not Evaluated,Scientific
20,77,2021,1,1,Aves,LC/Not Evaluated,Scientific
20,77,2025,2,2,Aves,LC/Not Evaluated,Scientific
20,78,2015,2,2,Aves,LC/Not Evaluated,Scientific
20,78,2024,1,1,Aves,LC,Scientific
20,78,2025,3,2,Aves,LC/Not Evaluated,Scientific
20,79,2017,3,2,Aves,LC/Not Evaluated,Scientific
20,79,2019,3,3,Aves,LC/Not Evaluated,Scientific
20,79,2021,1,1,Aves,LC/Not Evaluated,Scientific
20,79,2022,4,4,Aves,LC/Not Evaluated,Scientific
20,79,2024,5,2,Aves,LC/Not Evaluated,Citizen_Science|Scientific
20,79,2025,17,10,Aves,LC/Not Evaluated,Citizen_Science|Scientific
20,81,2017,5,2,Aves,LC/Not Evaluated,Scientific
20,81,2019,6,6,Aves,LC/Not Evaluated,Citizen_Science|Scientific
20,81,2020,1,1,Aves,LC/Not Evaluated,Scientific
20,81,2023,1,1,Aves,LC/Not Evaluated,Scientific
20,81,2024,1,1,Aves,LC/Not Evaluated,Scientific
20,81,2025,2,2,Aves,LC/Not Evaluated,Citizen_Science|Scientific
20,82,2016,1,1,Aves,LC/Not Evaluated,Citizen_Science
20,82,2024,4,2,Aves,LC/Not Evaluated,Scientific
20,83,2023,1,1,Aves,LC/Not Evaluated,Scientific
20,83,2024,2,1,Aves,LC/Not Evaluated,Scientific
20,83,2025,7,4,Aves,LC/Not Evaluated,Scientific
20,84,2025,6,5,Aves,LC/Not Evaluated,Scientific
20,85,2020,1,1,Mammalia,LC/Not Evaluated,Scientific
20,85,2021,4,3,Aves,LC/Not Evaluated,Scientific
20,85,2023,1,1,Aves,LC/Not Evaluated,Scientific
20,85,2024,5,4,Aves,LC/Not Evaluated,Citizen_Science|Scientific
20,85,2025,36,11,Aves,LC/Not Evaluated,Citizen_Science|Human_Observation|Scientific
20,86,2025,18,8,Aves|Reptilia,LC/Not Evaluated,Citizen_Science|Human_Observation|Scientific
20,87,2024,1,1,Aves,LC/Not Evaluated,Scientific
21,69,2017,2,1,Aves,LC/Not Evaluated,Scientific
21,69,2022,1,1,Aves,LC/Not Evaluated,Scientific
21,69,2024,20,2,Aves,LC/Not Evaluated,Human_Observation|Scientific
21,69,2025,2,2,Aves|Reptilia,LC/Not Evaluated,Scientific
21,70,2018,1,1,Aves,LC/Not Evaluated,Scientific
21,70,2023,1,1,Aves,LC/Not Evaluated,Scientific
21,70,2024,8,4,Aves,LC/Not Evaluated,Citizen_Science|Human_Observation|Scientific
21,70,2025,6,4,Aves,LC/Not Evaluated,Human_Observation|Scientific
21,71,2020,1,1,Mammalia,LC/Not Evaluated,Scientific
21,71,2021,1,1,Aves,LC/Not Evaluated,Scientific
21,71,2022,1,1,Aves,LC/Not Evaluated,Scientific
21,71,2024,8,1,Aves,LC/Not Evaluated,Human_Observation
21,71,2025,6,4,Aves,LC/Not Evaluated,Human_Observation|Scientific
21,72,2020,1,1,Mammalia,LC/Not Evaluated,Scientific
21,72,2023,1,1,Aves,LC/Not Evaluated,Citizen_Science
21,72,2024,12,4,Aves,LC/Not Evaluated,Citizen_Science|Human_Observation|Scientific
21,72,2025,16,5,Aves,LC/Not Evaluated,Citizen_Science|Scientific
21,73,2024,4,3,Aves,LC/Not Evaluated,Human_Observation|Scientific
21,73,2025,5,3,Aves,LC/Not Evaluated,Scientific
21,75,2021,2,1,Aves,LC/Not Evaluated,Citizen_Science|Scientific
21,75,2024,2,2,Aves,LC/Not Evaluated,Citizen_Science|Scientific
21,75,2025,39,10,Aves,LC/Not Evaluated,Citizen_Science|Human_Observation|Scientific
21,76,2025,10,4,Aves,LC/Not Evaluated,Human_Observation|Scientific
21,77,2015,1,1,Aves,LC/Not Evaluated,Scientific
21,77,2024,1,1,Aves,LC/Not Evaluated,Scientific
21,77,2025,21,9,Aves,LC/Not Evaluated,Citizen_Science|Human_Observation|Scientific
21,78,2025,1,1,Aves,LC/Not Evaluated,Scientific
21,79,2016,1,1,Aves,LC/Not Evaluated,Citizen_Science
21,79,2019,2,2,Aves,LC/Not Evaluated,Scientific
21,79,2021,2,1,Aves,LC/Not Evaluated,Scientific
21,79,2023,5,3,Aves,LC/Not Evaluated,Scientific
21,79,2024,3,2,Aves,LC/Not Evaluated,Citizen_Science|Scientific
21,79,2025,19,10,Aves,LC/Not Evaluated,Human_Observation|Scientific
21,80,2020,1,1,Aves,LC/Not Evaluated,Citizen_Science
21,80,2021,1,1,Aves,LC/Not Evaluated,Citizen_Science
21,80,2025,3,2,Aves,LC/Not Evaluated,Citizen_Science|Scientific
21,81,2016,3,3,Aves,LC/Not Evaluated,Citizen_Science|Scientific
21,81,2017,1,1,Aves,LC/Not Evaluated,Scientific
21,81,2018,4,2,Aves,LC/Not Evaluated,Scientific
21,81,2019,9,5,Aves,LC/Not Evaluated,Scientific
21,81,2020,13,8,Aves,LC/Not Evaluated,Scientific
21,81,2021,18,4,Aves,LC/Not Evaluated,Scientific
21,81,2022,1,1,Aves,LC/Not Evaluated,Scientific
21,81,2023,1,1,Aves,LC/Not Evaluated,Citizen_Science
21,81,2024,1,1,Aves,LC/Not Evaluated,Scientific
21,81,2025,9,6,Aves,LC/Not Evaluated,Citizen_Science|Human_Observation|Scientific
21,82,2017,1,1,Aves,LC/Not Evaluated,Scientific
21,82,2018,3,3,Aves,LC/Not Evaluated,Scientific
21,82,2019,2,2,Aves,LC/Not Evaluated,Scientific
21,82,2021,1,1,Aves,LC/Not Evaluated,Scientific
21,82,2024,1,1,Aves,LC/Not Evaluated,Scientific
21,82,2025,2,1,Aves,LC/Not Evaluated,Human_Observation|Scientific
21,83,2019,1,1,Aves,LC/Not Evaluated,Citizen_Science
21,83,2024,1,1,Aves,LC/Not Evaluated,Scientific
21,86,2018,1,1,Aves,LC/Not Evaluated,Scientific
21,86,2022,2,2,Aves,LC/Not Evaluated,Citizen_Science|Scientific
21,86,2024,2,2,Aves,LC/Not Evaluated,Scientific
21,87,2018,2,1,Mammalia,LC/Not Evaluated,Scientific
21,87,2019,6,4,Aves,LC/Not Evaluated,Scientific
21,87,2020,1,1,Aves,LC/Not Evaluated,Scientific
21,87,2021,2,1,Aves,LC/Not Evaluated,Scientific
21,87,2024,1,1,Aves,LC/Not Evaluated,Human_Observation
21,88,2015,1,1,Mammalia,LC/Not Evaluated,Scientific
21,88,2016,1,1,Mammalia,LC/Not Evaluated,Scientific
21,88,2018,1,1,Mammalia,LC/Not Evaluated,Scientific
21,88,2019,1,1,Aves,LC/Not Evaluated,Scientific
21,88,2021,4,3,Aves|Mammalia,LC/Not Evaluated,Scientific
21,88,2022,5,2,Aves|Mammalia,LC/Not Evaluated,Human_Observation|Scientific
21,88,2023,1,1,Aves,LC/Not Evaluated,Scientific
21,88,2024,21,5,Aves|Mammalia|Pisces,LC/Not Evaluated,Human_Observation|Scientific
21,88,2025,4,3,Aves|Reptilia,LC/Not Evaluated,Scientific
21,89,2023,22,3,Mammalia,LC/Not Evaluated,Human_Observation
22,68,2017,1,1,Aves,LC/Not Evaluated,Scientific
22,68,2022,1,1,Reptilia,VU,Scientific
22,68,2023,2,1,Reptilia,VU,Human_Observation
22,68,2024,1,1,Aves,LC/Not Evaluated,Citizen_Science
22,68,2025,14,6,Aves|Reptilia,LC/Not Evaluated,Citizen_Science|Human_Observation|Scientific
22,69,2016,1,1,Mammalia,LC/Not Evaluated,Scientific
22,69,2017,2,2,Aves,LC/Not Evaluated,Citizen_Science|Scientific
22,69,2018,4,4,Aves|Mammalia|Pisces,LC/Not Evaluated,Scientific
22,69,2019,1,1,Reptilia,VU,Scientific
22,69,2020,3,1,Aves,LC/Not Evaluated,Scientific
22,69,2022,1,1,Aves,LC/Not Evaluated,Scientific
22,69,2023,1,1,Aves,LC/Not Evaluated,Scientific
22,69,2024,11,5,Aves,LC/Not Evaluated,Human_Observation
22,69,2025,21,6,Aves|Mammalia|Reptilia,LC/Not Evaluated,Citizen_Science|Human_Observation|Scientific
22,70,2017,1,1,Aves,LC/Not Evaluated,Scientific
22,70,2019,4,2,Mammalia,LC/Not Evaluated,Human_Observation|Scientific
22,70,2020,8,5,Aves,LC/Not Evaluated,Citizen_Science|Scientific
22,70,2022,1,1,Aves,LC/Not Evaluated,Scientific
22,70,2024,27,4,Aves,LC/Not Evaluated,Human_Observation|Scientific
22,70,2025,5,2,Aves,LC/Not Evaluated,Citizen_Science|Human_Observation
22,71,2017,3,1,Aves,LC/Not Evaluated,Scientific
22,71,2020,3,3,Aves,LC/Not Evaluated,Scientific
22,71,2022,1,1,Aves,LC/Not Evaluated,Scientific
22,71,2024,17,2,Aves|Mammalia,LC/Not Evaluated,Human_Observation|Scientific
22,71,2025,13,5,Aves,LC/Not Evaluated,Citizen_Science|Scientific
22,72,2016,3,2,Aves,LC/Not Evaluated,Scientific
22,72,2017,9,5,Aves|Mammalia,LC/Not Evaluated,Scientific
22,72,2018,2,2,Aves,LC/Not Evaluated,Scientific
22,72,2019,5,2,Aves,LC/Not Evaluated,Scientific
22,72,2020,1,1,Aves,LC/Not Evaluated,Citizen_Science
22,72,2021,8,4,Aves,LC/Not Evaluated,Scientific
22,72,2022,5,3,Aves,LC/Not Evaluated,Citizen_Science|Scientific
22,72,2023,17,6,Aves,LC/Not Evaluated,Citizen_Science|Scientific
22,72,2024,64,8,Aves,LC/Not Evaluated,Citizen_Science|Human_Observation|Scientific
22,72,2025,69,14,Aves,LC/Not Evaluated,Citizen_Science|Human_Observation|Scientific
22,73,2021,2,1,Aves,LC/Not Evaluated,Scientific
22,73,2022,1,1,Aves,LC/Not Evaluated,Scientific
22,73,2023,2,2,Aves,LC/Not Evaluated,Scientific
22,73,2024,5,3,Aves,LC/Not Evaluated,Human_Observation|Scientific
22,73,2025,11,6,Aves,LC/Not Evaluated,Human_Observation|Scientific
22,74,2023,3,2,Aves,LC/Not Evaluated,Citizen_Science|Scientific
22,75,2019,1,1,Aves,LC/Not Evaluated,Scientific
22,75,2020,1,1,Aves,LC/Not Evaluated,Scientific
22,76,2020,1,1,Aves,LC/Not Evaluated,Scientific
22,76,2025,1,1,Aves,LC/Not Evaluated,Scientific
22,77,2019,2,2,Aves,LC/Not Evaluated,Scientific
22,77,2022,2,1,Aves,LC/Not Evaluated,Citizen_Science
22,77,2024,6,1,Mammalia,LC/Not Evaluated,Scientific
22,77,2025,2,2,Aves,LC/Not Evaluated,Scientific
22,78,2015,2,1,Aves,LC/Not Evaluated,Scientific
22,78,2018,3,1,Aves,LC/Not Evaluated,Citizen_Science
22,78,2020,2,1,Aves,LC/Not Evaluated,Scientific
22,78,2022,1,1,Aves,LC/Not Evaluated,Scientific
22,78,2025,32,10,Aves,LC/Not Evaluated,Citizen_Science|Human_Observation|Scientific
22,79,2024,1,1,Aves,LC/Not Evaluated,Scientific
22,79,2025,3,1,Aves,LC/Not Evaluated,Scientific
22,80,2015,2,2,Aves,LC/Not Evaluated,Scientific
22,80,2016,1,1,Aves,LC/Not Evaluated,Scientific
22,80,2017,1,1,Aves,LC/Not Evaluated,Scientific
22,80,2018,2,2,Aves,LC/Not Evaluated,Scientific
22,80,2019,1,1,Aves,LC/Not Evaluated,Scientific
22,80,2021,2,2,Aves,LC/Not Evaluated,Scientific
22,80,2023,3,3,Aves,LC/Not Evaluated,Scientific
22,80,2025,15,9,Aves,LC/Not Evaluated,Citizen_Science|Human_Observation|Scientific
22,81,2017,1,1,Aves,LC/Not Evaluated,Scientific
22,81,2025,7,4,Aves,LC/Not Evaluated,Citizen_Science|Human_Observation|Scientific
22,82,2021,1,1,Aves,LC/Not Evaluated,Scientific
22,82,2022,2,1,Aves,LC/Not Evaluated,Scientific
22,82,2024,2,1,Aves,LC/Not Evaluated,Citizen_Science|Scientific
22,83,2021,2,1,Aves,LC/Not Evaluated,Scientific
22,83,2022,1,1,Aves,LC/Not Evaluated,Citizen_Science
22,86,2018,1,1,Aves,LC/Not Evaluated,Citizen_Science
22,86,2019,1,1,Aves,LC/Not Evaluated,Citizen_Science
22,86,2022,1,1,Aves,LC/Not Evaluated,Scientific
22,86,2023,1,1,Aves,LC/Not Evaluated,Scientific
22,86,2025,4,3,Aves,LC/Not Evaluated,Scientific
22,87,2024,2,2,Aves,LC/Not Evaluated,Human_Observation|Scientific
22,87,2025,2,2,Aves,LC/Not Evaluated,Scientific
22,88,2015,6,4,Aves,LC/Not Evaluated,Scientific
22,88,2016,1,1,Aves,LC/Not Evaluated,Scientific
22,88,2017,2,2,Aves,LC/Not Evaluated,Scientific
22,88,2018,6,5,Aves|Mammalia,LC/Not Evaluated,Scientific
22,88,2019,2,2,Aves,LC/Not Evaluated,Scientific
22,88,2020,22,8,Aves|Mammalia,LC/Not Evaluated,Human_Observation|Scientific
22,88,2021,6,3,Aves,LC/Not Evaluated,Human_Observation|Scientific
22,88,2022,10,4,Aves,LC/Not Evaluated,Citizen_Science|Scientific
22,88,2023,15,4,Aves,LC/Not Evaluated,Citizen_Science|Human_Observation|Scientific
22,88,2024,12,7,Aves,LC/Not Evaluated,Citizen_Science|Human_Observation|Scientific
22,88,2025,59,9,Aves,LC/Not Evaluated,Citizen_Science|Human_Observation|Scientific
22,92,2024,4,4,Aves,LC/Not Evaluated,Scientific
22,93,2023,1,1,Aves,LC/Not Evaluated,Scientific
22,93,2024,6,2,Aves,LC/Not Evaluated,Human_Observation|Scientific
22,93,2025,2,1,Aves,LC/Not Evaluated,Human_Observation|Scientific
23,68,2016,3,1,Aves,LC/Not Evaluated,Human_Observation|Scientific
23,68,2019,1,1,Aves,LC/Not Evaluated,Scientific
23,68,2023,1,1,Aves,LC/Not Evaluated,Scientific
23,68,2024,9,4,Aves,LC/Not Evaluated,Human_Observation|Scientific
23,68,2025,2,1,Aves,LC/Not Evaluated,Scientific
23,69,2015,1,1,Mammalia,LC/Not Evaluated,Scientific
23,69,2018,7,3,Aves,LC/Not Evaluated,Human_Observation|Scientific
23,69,2021,2,2,Aves,LC/Not Evaluated,Scientific
23,69,2022,3,2,Aves,LC/Not Evaluated,Human_Observation|Scientific
23,69,2023,3,3,Aves,LC/Not Evaluated,Citizen_Science|Scientific
23,69,2024,65,9,Aves,LC/Not Evaluated,Human_Observation|Scientific
23,69,2025,32,9,Aves|Mammalia,LC/Not Evaluated,Citizen_Science|Human_Observation|Scientific
23,70,2024,16,2,Aves|Mammalia,LC/Not Evaluated,Human_Observation|Scientific
23,71,2015,5,2,Aves|Mammalia,LC/Not Evaluated,Human_Observation|Scientific
23,71,2016,4,3,Aves|Mammalia,LC/Not Evaluated,Citizen_Science|Scientific
23,71,2017,17,4,Aves|Mammalia,LC/Not Evaluated,Citizen_Science|Human_Observation|Scientific
23,71,2018,9,4,Aves|Mammalia,LC/Not Evaluated,Scientific
23,71,2019,5,1,Mammalia,LC/Not Evaluated,Human_Observation|Scientific
23,71,2020,2,2,Aves|Mammalia,LC/Not Evaluated,Scientific
23,71,2021,3,2,Aves|Mammalia,LC/Not Evaluated,Scientific
23,71,2022,11,3,Aves|Mammalia,LC/Not Evaluated,Human_Observation|Scientific
23,71,2023,16,6,Aves|Mammalia,LC/Not Evaluated,Human_Observation|Scientific
23,71,2024,136,7,Aves|Mammalia,LC/Not Evaluated,Citizen_Science|Human_Observation|Scientific
23,71,2025,43,7,Aves|Mammalia,LC/Not Evaluated,Human_Observation|Scientific
23,72,2015,5,2,Aves,LC/Not Evaluated,Scientific
23,72,2016,13,3,Aves,LC/Not Evaluated,Scientific
23,72,2017,24,5,Aves,LC/Not Evaluated,Citizen_Science|Scientific
23,72,2018,4,2,Aves,LC/Not Evaluated,Scientific
23,72,2019,3,2,Aves,LC/Not Evaluated,Scientific
23,72,2020,1,1,Aves,LC/Not Evaluated,Scientific
23,72,2021,1,1,Aves,LC/Not Evaluated,Scientific
23,72,2022,3,2,Aves,LC/Not Evaluated,Scientific
23,72,2023,1,1,Aves,LC/Not Evaluated,Scientific
23,72,2024,36,5,Aves,LC/Not Evaluated,Human_Observation|Scientific
23,72,2025,9,6,Aves,LC/Not Evaluated,Human_Observation|Scientific
23,77,2022,2,2,Aves,LC/Not Evaluated,Scientific
23,77,2023,1,1,Aves,LC/Not Evaluated,Scientific
23,77,2024,4,4,Aves,LC/Not Evaluated,Citizen_Science|Scientific
23,77,2025,10,5,Aves,LC/Not Evaluated,Citizen_Science|Scientific
23,79,2021,1,1,Aves,LC/Not Evaluated,Scientific
23,79,2023,1,1,Aves,LC/Not Evaluated,Scientific
23,79,2024,15,4,Aves|Mammalia,LC/Not Evaluated,Scientific
23,79,2025,17,11,Aves,LC/Not Evaluated,Scientific
23,80,2016,1,1,Aves,LC/Not Evaluated,Citizen_Science
23,80,2018,1,1,Aves,LC/Not Evaluated,Scientific
23,80,2022,1,1,Aves,LC/Not Evaluated,Scientific
23,80,2024,4,2,Aves,LC/Not Evaluated,Scientific
23,80,2025,28,7,Aves,LC/Not Evaluated,Citizen_Science|Human_Observation|Scientific
23,81,2022,6,5,Aves|Mammalia,LC/Not Evaluated,Citizen_Science|Scientific
23,81,2024,28,7,Aves|Mammalia|Pisces,LC/Not Evaluated,Scientific
23,81,2025,10,2,Aves,LC/Not Evaluated,Citizen_Science|Human_Observation|Scientific
23,85,2025,1,1,Aves,LC/Not Evaluated,Citizen_Science
23,86,2022,2,2,Aves,LC/Not Evaluated,Citizen_Science|Scientific
23,86,2023,4,2,Aves,LC/Not Evaluated,Citizen_Science|Scientific
23,86,2024,3,3,Aves,LC/Not Evaluated,Scientific
23,86,2025,7,4,Aves,LC/Not Evaluated,Human_Observation|Scientific
23,87,2017,1,1,Aves,LC/Not Evaluated,Citizen_Science
23,87,2018,1,1,Aves,LC/Not Evaluated,Scientific
23,87,2021,3,1,Aves,LC/Not Evaluated,Citizen_Science
23,87,2025,3,1,Aves,LC/Not Evaluated,Citizen_Science|Scientific
23,88,2016,1,1,Aves,LC/Not Evaluated,Scientific
23,88,2019,1,1,Aves,LC/Not Evaluated,Scientific
23,88,2020,1,1,Aves,LC/Not Evaluated,Scientific
23,88,2023,2,2,Aves|Mammalia,LC/Not Evaluated,Scientific
23,88,2024,9,2,Aves|Mammalia,LC/Not Evaluated,Scientific
23,88,2025,78,5,Aves|Mammalia,LC/Not Evaluated,Citizen_Science|Human_Observation|Scientific
23,91,2016,1,1,Aves,LC/Not Evaluated,Human_Observation
23,91,2025,1,1,Aves,LC/Not Evaluated,Scientific
23,92,2023,1,1,Aves,LC/Not Evaluated,Scientific
23,92,2024,3,2,Aves,LC/Not Evaluated,Scientific
23,93,2025,2,1,Aves,LC/Not Evaluated,Human_Observation|Scientific
24,70,2017,2,2,Aves,LC/Not Evaluated,Scientific
24,70,2018,1,1,Aves,LC/Not Evaluated,Scientific
24,70,2021,3,3,Aves,LC/Not Evaluated,Citizen_Science|Scientific
24,70,2023,4,2,Aves,LC/Not Evaluated,Scientific
24,70,2024,2,2,Aves,LC/Not Evaluated,Scientific
24,71,2020,1,1,Aves,LC/Not Evaluated,Scientific
24,71,2023,1,1,Aves,LC/Not Evaluated,Scientific
24,71,2024,21,3,Aves|Mammalia,LC/Not Evaluated,Citizen_Science|Human_Observation|Scientific
24,71,2025,2,2,Aves,LC/Not Evaluated,Scientific
24,72,2018,2,2,Aves,LC/Not Evaluated,Scientific
24,72,2019,1,1,Aves,LC/Not Evaluated,Scientific
24,72,2022,5,3,Aves,LC/Not Evaluated,Scientific
24,72,2023,1,1,Aves,LC/Not Evaluated,Scientific
24,72,2024,6,4,Aves,LC/Not Evaluated,Scientific
24,72,2025,5,5,Aves,LC/Not Evaluated,Scientific
24,73,2021,1,1,Aves,LC/Not Evaluated,Scientific
24,73,2022,1,1,Aves,LC/Not Evaluated,Scientific
24,73,2023,1,1,Aves,LC/Not Evaluated,Scientific
24,73,2024,4,3,Aves,LC/Not Evaluated,Citizen_Science|Scientific
24,73,2025,4,2,Aves,LC,Citizen_Science|Scientific
24,74,2015,1,1,Aves,LC/Not Evaluated,Scientific
24,74,2021,2,2,Aves,LC/Not Evaluated,Scientific
24,74,2022,1,1,Aves,LC/Not Evaluated,Scientific
24,74,2023,3,3,Aves,LC/Not Evaluated,Scientific
24,74,2024,7,1,Aves,LC/Not Evaluated,Human_Observation
24,75,2019,1,1,Aves,LC/Not Evaluated,Scientific
24,75,2020,1,1,Aves,LC/Not Evaluated,Citizen_Science
24,75,2023,1,1,Aves,LC/Not Evaluated,Scientific
24,75,2024,1,1,Aves,LC/Not Evaluated,Scientific
24,76,2025,4,1,Aves,LC/Not Evaluated,Human_Observation
24,79,2019,1,1,Aves,LC/Not Evaluated,Scientific
24,79,2022,1,1,Aves,LC/Not Evaluated,Scientific
24,80,2019,1,1,Aves,LC/Not Evaluated,Scientific
24,80,2022,1,1,Aves,LC/Not Evaluated,Scientific
24,80,2025,1,1,Aves,LC/Not Evaluated,Citizen_Science
24,83,2024,1,1,Aves,LC/Not Evaluated,Scientific
24,85,2025,1,1,Aves,LC/Not Evaluated,Citizen_Science
24,88,2015,1,1,Aves,LC/Not Evaluated,Scientific
24,88,2024,1,1,Aves,LC/Not Evaluated,Human_Observation
24,92,2015,2,1,Aves,LC/Not Evaluated,Citizen_Science
24,92,2016,1,1,Aves,LC/Not Evaluated,Scientific
24,92,2017,2,1,Aves,LC/Not Evaluated,Scientific
24,92,2019,1,1,Aves,LC/Not Evaluated,Scientific
24,92,2020,2,2,Aves,LC/Not Evaluated,Citizen_Science|Scientific
24,92,2021,6,3,Aves,LC/Not Evaluated,Scientific
24,92,2022,30,4,Aves,LC/Not Evaluated,Citizen_Science|Scientific
24,92,2023,67,5,Aves,LC/Not Evaluated,Citizen_Science|Scientific
24,92,2024,72,8,Aves,LC/Not Evaluated,Citizen_Science|Human_Observation|Scientific
24,92,2025,176,11,Aves,LC/Not Evaluated,Citizen_Science|Human_Observation|Scientific
24,93,2023,1,1,Aves,LC/Not Evaluated,Scientific
24,93,2024,6,1,Aves,LC/Not Evaluated,Human_Observation
24,93,2025,2,2,Aves,LC/Not Evaluated,Scientific
25,70,2025,2,1,Aves,LC/Not Evaluated,Human_Observation|Scientific
25,72,2018,1,1,Aves,LC/Not Evaluated,Scientific
25,72,2025,3,2,Aves,LC/Not Evaluated,Human_Observation|Scientific
25,73,2018,2,1,Aves,LC/Not Evaluated,Scientific
25,73,2024,1,1,Aves,LC/Not Evaluated,Scientific
25,73,2025,2,1,Aves,LC/Not Evaluated,Scientific
25,74,2022,2,2,Aves,LC/Not Evaluated,Scientific
25,75,2020,1,1,Aves,LC/Not Evaluated,Scientific
25,75,2023,3,3,Aves,LC/Not Evaluated,Scientific
25,75,2024,14,7,Aves,LC/Not Evaluated,Scientific
25,75,2025,23,6,Aves,LC/Not Evaluated,Citizen_Science|Human_Observation|Scientific
25,76,2018,3,3,Aves,LC/Not Evaluated,Scientific
25,76,2019,1,1,Aves,LC/Not Evaluated,Scientific
25,76,2024,3,1,Aves,LC/Not Evaluated,Scientific
25,76,2025,8,5,Aves,LC/Not Evaluated,Citizen_Science|Human_Observation|Scientific
25,77,2025,1,1,Aves,LC/Not Evaluated,Scientific
25,81,2016,2,2,Aves,LC/Not Evaluated,Scientific
25,81,2023,7,6,Aves,LC/Not Evaluated,Scientific
25,81,2024,3,3,Aves,LC/Not Evaluated,Human_Observation|Scientific
25,81,2025,13,5,Aves,LC/Not Evaluated,Citizen_Science|Scientific
25,82,2024,2,1,Aves,LC/Not Evaluated,Citizen_Science|Scientific
25,82,2025,1,1,Aves,LC/Not Evaluated,Scientific
25,83,2025,2,1,Aves,LC/Not Evaluated,Scientific
25,84,2022,1,1,Aves,LC/Not Evaluated,Scientific
25,84,2023,1,1,Aves,LC,Scientific
25,84,2024,1,1,Aves,LC/Not Evaluated,Citizen_Science
25,84,2025,4,2,Aves,LC/Not Evaluated,Scientific
25,85,2018,2,2,Aves,LC/Not Evaluated,Scientific
25,85,2019,1,1,Mammalia,LC/Not Evaluated,Scientific
25,85,2024,2,2,Aves,LC/Not Evaluated,Scientific
25,85,2025,11,6,Aves,LC/Not Evaluated,Citizen_Science|Human_Observation|Scientific
25,86,2016,1,1,Aves,LC/Not Evaluated,Citizen_Science
25,86,2023,1,1,Aves,LC/Not Evaluated,Citizen_Science
25,86,2024,1,1,Mammalia,LC/Not Evaluated,Scientific
25,87,2015,1,1,Mammalia,LC/Not Evaluated,Scientific
25,87,2020,2,1,Aves,LC/Not Evaluated,Scientific
25,87,2021,1,1,Aves,LC/Not Evaluated,Citizen_Science
25,87,2024,1,1,Aves,LC/Not Evaluated,Citizen_Science
25,87,2025,10,2,Aves|Mammalia,LC/Not Evaluated,Scientific
25,88,2017,2,2,Aves,LC/Not Evaluated,Scientific
25,88,2018,2,2,Aves,LC/Not Evaluated,Scientific
25,88,2020,2,1,Aves,LC/Not Evaluated,Scientific
25,90,2023,2,1,Aves,LC/Not Evaluated,Scientific
25,90,2024,5,1,Aves,LC/Not Evaluated,Human_Observation
25,90,2025,1,1,Aves,LC/Not Evaluated,Scientific
25,91,2017,1,1,Aves,LC/Not Evaluated,Scientific
25,91,2020,2,2,Aves,LC/Not Evaluated,Citizen_Science|Scientific
25,91,2021,1,1,Aves,LC/Not Evaluated,Scientific
25,91,2023,1,1,Aves,LC/Not Evaluated,Scientific
25,91,2024,11,5,Aves,LC/Not Evaluated,Human_Observation|Scientific
25,91,2025,5,2,Aves,LC/Not Evaluated,Human_Observation|Scientific
25,92,2018,2,1,Aves,LC/Not Evaluated,Citizen_Science
25,92,2024,2,1,Mammalia,LC/Not Evaluated,Scientific
25,93,2023,1,1,Aves,LC/Not Evaluated,Scientific
25,93,2025,6,5,Aves,LC/Not Evaluated,Scientific
25,94,2017,1,1,Aves,LC/Not Evaluated,Scientific
25,94,2018,4,4,Aves,LC/Not Evaluated,Citizen_Science|Scientific
25,94,2023,4,3,Aves,LC/Not Evaluated,Scientific
25,94,2024,2,2,Aves,LC/Not Evaluated,Scientific
25,94,2025,28,7,Aves,LC/Not Evaluated,Human_Observation|Scientific
26,70,2015,4,1,Aves,LC/Not Evaluated,Human_Observation|Scientific
26,70,2016,11,4,Aves,LC/Not Evaluated,Citizen_Science|Human_Observation|Scientific
26,70,2017,9,2,Aves,LC/Not Evaluated,Citizen_Science|Human_Observation|Scientific
26,70,2018,33,5,Aves,LC/Not Evaluated,Citizen_Science|Human_Observation|Scientific
26,70,2019,11,2,Aves,LC/Not Evaluated,Human_Observation|Scientific
26,70,2020,24,5,Aves,LC/Not Evaluated,Citizen_Science|Human_Observation|Scientific
26,70,2021,2,1,Aves,LC/Not Evaluated,Scientific
26,70,2022,4,2,Aves,LC/Not Evaluated,Human_Observation|Scientific
26,70,2023,42,5,Aves,LC/Not Evaluated,Citizen_Science|Human_Observation|Scientific
26,70,2024,31,9,Aves,LC/Not Evaluated,Human_Observation|Scientific
26,70,2025,78,8,Aves,LC/Not Evaluated,Human_Observation|Scientific
26,71,2016,2,1,Aves,LC/Not Evaluated,Human_Observation|Scientific
26,71,2019,1,1,Aves,LC/Not Evaluated,Citizen_Science
26,71,2025,1,1,Aves,LC/Not Evaluated,Scientific
26,72,2024,2,1,Aves,LC/Not Evaluated,Scientific
26,72,2025,3,2,Aves,LC/Not Evaluated,Human_Observation|Scientific
26,73,2018,1,1,Aves,LC/Not Evaluated,Scientific
26,73,2021,1,1,Aves,LC/Not Evaluated,Citizen_Science
26,73,2024,1,1,Aves,LC/Not Evaluated,Scientific
26,73,2025,17,8,Aves,LC/Not Evaluated,Human_Observation|Scientific
26,74,2022,1,1,Aves,LC/Not Evaluated,Scientific
26,74,2023,1,1,Aves,LC/Not Evaluated,Scientific
26,74,2024,4,4,Aves,LC/Not Evaluated,Citizen_Science|Scientific
26,74,2025,2,2,Aves,LC/Not Evaluated,Citizen_Science|Scientific
26,75,2022,2,2,Aves,LC/Not Evaluated,Citizen_Science|Scientific
26,75,2023,5,3,Aves,LC/Not Evaluated,Scientific
26,75,2024,8,4,Aves,LC/Not Evaluated,Citizen_Science|Human_Observation|Scientific
26,75,2025,5,3,Aves,LC/Not Evaluated,Scientific
26,76,2017,3,3,Aves,LC/Not Evaluated,Scientific
26,76,2023,3,1,Aves,LC/Not Evaluated,Citizen_Science|Scientific
26,76,2024,2,2,Aves,LC/Not Evaluated,Scientific
26,76,2025,27,11,Aves,LC/Not Evaluated,Scientific
26,77,2017,2,1,Aves,LC/Not Evaluated,Scientific
26,77,2018,1,1,Mammalia,LC/Not Evaluated,Scientific
26,77,2020,1,1,Aves,LC/Not Evaluated,Scientific
26,77,2024,2,1,Mammalia,LC/Not Evaluated,Scientific
26,77,2025,8,7,Aves,LC/Not Evaluated,Citizen_Science|Human_Observation|Scientific
26,78,2016,1,1,Aves,LC/Not Evaluated,Scientific
26,78,2017,2,2,Aves|Mammalia,LC/Not Evaluated,Scientific
26,78,2018,4,3,Aves|Mammalia,LC/Not Evaluated,Citizen_Science|Scientific
26,78,2020,1,1,Mammalia,LC/Not Evaluated,Scientific
26,78,2021,1,1,Aves,LC/Not Evaluated,Scientific
26,78,2023,1,1,Mammalia,LC/Not Evaluated,Scientific
26,78,2024,9,4,Aves,LC/Not Evaluated,Citizen_Science|Scientific
26,78,2025,8,7,Aves|Mammalia,LC/Not Evaluated,Scientific
26,79,2016,1,1,Aves,LC/Not Evaluated,Scientific
26,79,2020,7,2,Aves,LC/Not Evaluated,Scientific
26,79,2025,2,2,Aves,LC,Scientific
26,80,2015,7,5,Aves,LC/Not Evaluated,Citizen_Science|Scientific
26,80,2016,1,1,Aves,LC/Not Evaluated,Scientific
26,80,2025,16,8,Aves,LC/Not Evaluated,Citizen_Science|Human_Observation|Scientific
26,81,2025,4,2,Aves,LC/Not Evaluated,Human_Observation|Scientific
26,82,2024,3,2,Aves,LC/Not Evaluated,Human_Observation
26,83,2025,1,1,Aves,LC/Not Evaluated,Citizen_Science
26,84,2025,3,1,Mammalia,LC/Not Evaluated,Scientific
26,86,2025,2,2,Aves,LC/Not Evaluated,Scientific
26,88,2015,2,2,Aves,LC/Not Evaluated,Citizen_Science|Scientific
26,88,2016,1,1,Aves,LC/Not Evaluated,Scientific
26,88,2017,3,3,Aves,LC/Not Evaluated,Scientific
26,88,2018,1,1,Aves,LC/Not Evaluated,Scientific
26,88,2019,1,1,Aves,LC/Not Evaluated,Scientific
26,88,2020,3,2,Aves,LC/Not Evaluated,Scientific
26,88,2021,8,5,Aves,LC/Not Evaluated,Scientific
26,88,2022,12,5,Aves,LC/Not Evaluated,Scientific
26,88,2023,15,9,Aves,LC/Not Evaluated,Scientific
26,88,2024,26,14,Aves,LC/Not Evaluated,Citizen_Science|Human_Observation|Scientific
26,88,2025,41,12,Aves,LC/Not Evaluated,Citizen_Science|Human_Observation|Scientific
26,89,2015,1,1,Aves,LC/Not Evaluated,Citizen_Science
26,89,2017,3,2,Aves,LC/Not Evaluated,Citizen_Science|Scientific
26,89,2020,4,4,Aves,LC/Not Evaluated,Scientific
26,89,2024,7,6,Aves,LC/Not Evaluated,Human_Observation|Scientific
26,89,2025,8,4,Aves,LC/Not Evaluated,Scientific
26,90,2020,1,1,Aves,LC/Not Evaluated,Scientific
26,90,2022,1,1,Aves,LC/Not Evaluated,Scientific
26,90,2023,3,3,Aves|Mammalia,LC/Not Evaluated,Citizen_Science|Scientific
26,90,2025,3,2,Aves,LC/Not Evaluated,Human_Observation|Scientific
26,91,2017,1,1,Mammalia,LC/Not Evaluated,Scientific
26,91,2019,2,1,Aves,LC/Not Evaluated,Scientific
26,91,2021,2,1,Aves,LC/Not Evaluated,Citizen_Science|Scientific
26,91,2022,4,4,Aves,LC/Not Evaluated,Scientific
26,91,2023,1,1,Aves,LC/Not Evaluated,Scientific
26,91,2024,8,3,Aves,LC/Not Evaluated,Citizen_Science|Human_Observation|Scientific
26,91,2025,27,10,Aves|Mammalia,LC/Not Evaluated,Citizen_Science|Human_Observation|Scientific
26,92,2015,2,1,Aves,LC/Not Evaluated,Scientific
26,92,2018,5,2,Aves,LC/Not Evaluated,Scientific
26,92,2020,2,2,Aves,LC/Not Evaluated,Scientific
26,92,2022,5,4,Aves,LC/Not Evaluated,Citizen_Science|Scientific
26,92,2023,9,7,Aves,LC/Not Evaluated,Citizen_Science|Scientific
26,92,2024,24,9,Aves|Mammalia,LC/Not Evaluated,Human_Observation|Scientific
26,92,2025,26,8,Aves|Mammalia,LC/Not Evaluated,Human_Observation|Scientific
26,93,2016,3,2,Aves,LC/Not Evaluated,Human_Observation|Scientific
26,93,2017,1,1,Aves,LC/Not Evaluated,Scientific
26,93,2018,4,3,Aves,LC/Not Evaluated,Scientific
26,93,2019,3,2,Aves,LC/Not Evaluated,Human_Observation|Scientific
26,93,2020,6,2,Aves,LC/Not Evaluated,Citizen_Science|Scientific
26,93,2022,1,1,Aves,LC/Not Evaluated,Scientific
26,93,2023,2,2,Aves|Mammalia,LC/Not Evaluated,Scientific
26,93,2024,10,5,Aves,LC/Not Evaluated,Citizen_Science|Human_Observation|Scientific
26,93,2025,35,8,Aves,LC/Not Evaluated,Citizen_Science|Human_Observation|Scientific
26,94,2018,1,1,Aves,LC/Not Evaluated,Citizen_Science
26,94,2020,1,1,Mammalia,LC/Not Evaluated,Scientific
26,94,2021,2,1,Aves,LC/Not Evaluated,Scientific
26,94,2022,3,3,Aves,LC/Not Evaluated,Scientific
26,94,2023,5,5,Aves,LC/Not Evaluated,Citizen_Science|Scientific
26,94,2024,8,7,Aves,LC/Not Evaluated,Citizen_Science|Human_Observation|Scientific
26,94,2025,19,10,Aves,LC/Not Evaluated,Scientific
27,70,2020,1,1,Aves,LC/Not Evaluated,Scientific
27,70,2024,5,5,Aves,LC/Not Evaluated,Human_Observation|Scientific
27,70,2025,14,6,Aves,LC/Not Evaluated,Human_Observation|Scientific
27,71,2024,4,3,Aves,LC/Not Evaluated,Human_Observation|Scientific
27,71,2025,1,1,Aves,LC/Not Evaluated,Human_Observation
27,72,2016,4,1,Aves,LC/Not Evaluated,Scientific
27,72,2018,5,3,Aves,LC/Not Evaluated,Citizen_Science|Scientific
27,72,2021,1,1,Aves,LC/Not Evaluated,Scientific
27,72,2024,1,1,Aves,LC/Not Evaluated,Citizen_Science
27,72,2025,6,2,Aves,LC/Not Evaluated,Human_Observation|Scientific
27,73,2015,2,2,Aves,LC/Not Evaluated,Citizen_Science|Scientific
27,73,2016,2,1,Aves,LC/Not Evaluated,Scientific
27,73,2018,4,2,Aves,LC/Not Evaluated,Scientific
27,73,2019,3,2,Aves,LC/Not Evaluated,Scientific
27,73,2022,3,2,Aves,LC/Not Evaluated,Scientific
27,73,2023,7,3,Aves,LC/Not Evaluated,Scientific
27,73,2024,2,2,Aves,LC/Not Evaluated,Human_Observation|Scientific
27,73,2025,55,4,Aves,LC/Not Evaluated,Citizen_Science|Human_Observation|Scientific
27,74,2016,1,1,Aves,LC/Not Evaluated,Citizen_Science
27,74,2017,4,1,Aves,LC/Not Evaluated,Citizen_Science|Scientific
27,74,2018,2,1,Aves,LC/Not Evaluated,Citizen_Science|Scientific
27,74,2019,10,5,Aves,LC/Not Evaluated,Scientific
27,74,2020,1,1,Aves,LC/Not Evaluated,Scientific
27,74,2021,11,4,Aves,LC/Not Evaluated,Scientific
27,74,2022,7,4,Aves,LC/Not Evaluated,Citizen_Science|Scientific
27,74,2023,3,1,Aves,LC/Not Evaluated,Scientific
27,74,2024,13,7,Aves,LC/Not Evaluated,Citizen_Science|Human_Observation|Scientific
27,74,2025,15,7,Aves,LC/Not Evaluated,Human_Observation|Scientific
27,75,2021,1,1,Aves,LC/Not Evaluated,Scientific
27,75,2022,1,1,Aves,LC/Not Evaluated,Scientific
27,75,2024,9,3,Aves,LC/Not Evaluated,Citizen_Science|Human_Observation|Scientific
27,75,2025,12,5,Aves,LC/Not Evaluated,Human_Observation|Scientific
27,76,2016,1,1,Aves,LC/Not Evaluated,Scientific
27,76,2020,1,1,Aves,LC/Not Evaluated,Scientific
27,76,2024,3,2,Aves,LC/Not Evaluated,Citizen_Science|Scientific
27,76,2025,6,3,Aves,LC/Not Evaluated,Scientific
27,77,2015,1,1,Aves,LC/Not Evaluated,Scientific
27,77,2017,1,1,Aves,LC/Not Evaluated,Scientific
27,77,2018,14,9,Aves,LC/Not Evaluated,Citizen_Science|Scientific
27,77,2019,1,1,Aves,LC/Not Evaluated,Citizen_Science
27,77,2020,5,3,Aves,LC/Not Evaluated,Citizen_Science|Scientific
27,77,2021,5,3,Aves,LC/Not Evaluated,Scientific
27,77,2022,2,2,Aves,LC/Not Evaluated,Scientific
27,77,2023,8,5,Aves,LC/Not Evaluated,Citizen_Science|Scientific
27,77,2024,8,5,Aves,LC/Not Evaluated,Human_Observation|Scientific
27,77,2025,51,14,Aves,LC/Not Evaluated,Citizen_Science|Human_Observation|Scientific
27,78,2023,1,1,Aves,LC/Not Evaluated,Scientific
27,78,2024,2,2,Aves,LC/Not Evaluated,Human_Observation|Scientific
27,78,2025,4,3,Aves,LC/Not Evaluated,Scientific
27,79,2020,4,3,Aves,LC/Not Evaluated,Scientific
27,82,2025,1,1,Aves,LC/Not Evaluated,Scientific
27,83,2025,1,1,Aves,LC/Not Evaluated,Scientific
27,84,2015,1,1,Aves,LC/Not Evaluated,Scientific
27,84,2024,1,1,Aves,LC/Not Evaluated,Human_Observation
27,88,2015,10,6,Aves,LC/Not Evaluated,Scientific
27,88,2016,12,6,Aves,LC/Not Evaluated,Scientific
27,88,2017,9,8,Aves,LC/Not Evaluated,Citizen_Science|Scientific
27,88,2018,13,10,Aves,LC/Not Evaluated,Citizen_Science|Scientific
27,88,2019,20,10,Aves,LC/Not Evaluated,Citizen_Science|Scientific
27,88,2020,4,4,Aves,LC/Not Evaluated,Scientific
27,88,2021,34,16,Aves,LC/Not Evaluated,Citizen_Science|Scientific
27,88,2022,46,16,Aves,LC/Not Evaluated,Scientific
27,88,2023,48,13,Aves,LC/Not Evaluated,Human_Observation|Scientific
27,88,2024,81,22,Aves,LC/Not Evaluated,Citizen_Science|Human_Observation|Scientific
27,88,2025,104,17,Aves,LC/Not Evaluated,Citizen_Science|Human_Observation|Scientific
27,91,2019,1,1,Aves,LC/Not Evaluated,Scientific
27,91,2021,9,2,Aves,LC/Not Evaluated,Scientific
27,91,2024,4,2,Aves,LC/Not Evaluated,Scientific
27,91,2025,12,3,Aves,LC/Not Evaluated,Human_Observation|Scientific
27,92,2015,7,5,Aves,LC/Not Evaluated,Scientific
27,92,2016,8,7,Aves,LC/Not Evaluated,Citizen_Science|Scientific
27,92,2019,1,1,Aves,LC/Not Evaluated,Scientific
27,92,2021,3,2,Aves,LC/Not Evaluated,Scientific
27,92,2023,24,14,Aves,LC/Not Evaluated,Scientific
27,92,2024,123,18,Aves,LC/Not Evaluated,Citizen_Science|Human_Observation|Scientific
27,92,2025,93,15,Aves,LC/Not Evaluated,Human_Observation|Scientific
27,93,2024,9,4,Aves,LC/Not Evaluated,Human_Observation|Scientific
27,93,2025,1,1,Aves,LC/Not Evaluated,Scientific
27,94,2018,1,1,Aves,LC/Not Evaluated,Scientific
27,94,2021,1,1,Aves,LC/Not Evaluated,Scientific
27,94,2024,5,3,Aves,LC/Not Evaluated,Citizen_Science|Human_Observation|Scientific
27,94,2025,3,2,Aves|Mammalia,LC/Not Evaluated,Human_Observation|Scientific
28,73,2018,2,1,Aves,LC/Not Evaluated,Scientific
28,73,2019,1,1,Aves,LC/Not Evaluated,Scientific
28,73,2022,1,1,Aves,LC/Not Evaluated,Scientific
28,73,2025,1,1,Aves,LC/Not Evaluated,Human_Observation
28,76,2016,1,1,Aves,LC/Not Evaluated,Scientific
28,76,2018,3,3,Aves,LC/Not Evaluated,Scientific
28,76,2020,2,2,Aves,LC/Not Evaluated,Scientific
28,76,2022,6,5,Aves,LC/Not Evaluated,Scientific
28,76,2023,5,5,Aves,LC/Not Evaluated,Citizen_Science|Scientific
28,76,2024,53,12,Aves,LC/Not Evaluated,Human_Observation|Scientific
28,76,2025,127,19,Aves,LC/Not Evaluated,Citizen_Science|Human_Observation|Scientific
28,77,2017,2,1,Aves,LC/Not Evaluated,Scientific
28,77,2018,4,4,Aves,LC/Not Evaluated,Citizen_Science|Scientific
28,77,2019,7,7,Aves,LC/Not Evaluated,Scientific
28,77,2020,7,3,Aves,LC/Not Evaluated,Citizen_Science|Scientific
28,77,2021,6,4,Aves,LC/Not Evaluated,Citizen_Science|Scientific
28,77,2022,2,1,Aves,LC/Not Evaluated,Scientific
28,77,2023,5,3,Aves,LC/Not Evaluated,Citizen_Science|Scientific
28,77,2024,26,13,Aves|Pisces,LC/Not Evaluated,Citizen_Science|Scientific
28,77,2025,127,16,Aves,LC/Not Evaluated,Citizen_Science|Human_Observation|Scientific
28,78,2025,4,3,Aves|Mammalia,LC/Not Evaluated,Scientific
28,79,2024,2,2,Aves,LC/Not Evaluated,Scientific
28,79,2025,3,2,Aves,LC/Not Evaluated,Citizen_Science|Scientific
28,80,2015,4,3,Aves,LC/Not Evaluated,Citizen_Science|Scientific
28,80,2017,1,1,Aves,LC/Not Evaluated,Scientific
28,80,2018,3,3,Aves,LC/Not Evaluated,Scientific
28,80,2019,1,1,Aves,LC/Not Evaluated,Scientific
28,80,2020,2,1,Aves,LC/Not Evaluated,Scientific
28,80,2023,1,1,Aves,LC/Not Evaluated,Scientific
28,80,2024,2,2,Aves,LC/Not Evaluated,Citizen_Science|Scientific
28,80,2025,25,10,Aves,LC/Not Evaluated,Citizen_Science|Scientific
28,88,2021,2,1,Aves,LC/Not Evaluated,Scientific
28,88,2025,2,2,Aves|Mammalia,LC/Not Evaluated,Scientific
28,94,2015,1,1,Aves,LC/Not Evaluated,Scientific
28,94,2025,2,2,Aves,LC/Not Evaluated,Scientific
29,74,2025,2,2,Aves,LC/Not Evaluated,Scientific
29,75,2023,1,1,Aves,LC/Not Evaluated,Scientific
29,75,2025,5,3,Aves,LC/Not Evaluated,Scientific
29,76,2025,5,2,Aves,LC/Not Evaluated,Scientific
29,77,2025,4,4,Aves,LC/Not Evaluated,Scientific
29,78,2016,2,2,Aves,LC/Not Evaluated,Scientific
29,78,2018,1,1,Aves,LC/Not Evaluated,Scientific
29,78,2019,1,1,Aves,LC/Not Evaluated,Scientific
29,78,2022,5,5,Aves,LC/Not Evaluated,Scientific
29,78,2023,2,2,Aves,LC/Not Evaluated,Scientific
29,78,2024,18,8,Aves,LC/Not Evaluated,Citizen_Science|Human_Observation|Scientific
29,78,2025,18,8,Aves|Mammalia,LC/Not Evaluated,Citizen_Science|Human_Observation|Scientific
29,79,2015,9,6,Aves,LC/Not Evaluated,Citizen_Science|Scientific
29,79,2016,6,4,Aves,LC/Not Evaluated,Scientific
29,79,2017,13,6,Aves,LC/Not Evaluated,Scientific
29,79,2018,10,5,Aves,LC/Not Evaluated,Citizen_Science|Scientific
29,79,2019,7,6,Aves,LC/Not Evaluated,Scientific
29,79,2020,22,5,Aves,LC/Not Evaluated,Citizen_Science|Scientific
29,79,2021,72,11,Aves,LC/Not Evaluated,Citizen_Science|Scientific
29,79,2022,27,11,Aves,LC/Not Evaluated,Citizen_Science|Scientific
29,79,2023,81,15,Aves,LC/Not Evaluated,Citizen_Science|Scientific
29,79,2024,63,16,Aves,LC/Not Evaluated,Human_Observation|Scientific
29,79,2025,147,18,Aves,LC/Not Evaluated,Citizen_Science|Human_Observation|Scientific
29,80,2022,2,2,Aves,LC/Not Evaluated,Scientific
29,80,2023,8,5,Aves,LC/Not Evaluated,Citizen_Science|Scientific
29,80,2025,1,1,Aves,LC/Not Evaluated,Scientific
